IP Address,MAC Address,Hostname,Vendor,Operating System,TTL
0.0.0.0,00:41:0E:E8:1F:4F,LAPTOP-5ST5RPJC,Unknown,Unknown,--
0.0.0.0,00:45:E2:60:0F:C1,LAPTOP-9H7KF39B,Unknown,Unknown,--
0.0.0.0,00:45:E2:93:03:14,KimJonKUN,Unknown,Unknown,--
0.0.0.0,00:45:E2:AD:70:CD,MANUSpc,Unknown,Unknown,--
0.0.0.0,00:45:E2:E2:4F:11,archlinux,Unknown,Unknown,--
0.0.0.0,00:93:37:DA:B2:13,DESKTOP-S9Q0CKO,Unknown,Unknown,--
0.0.0.0,00:F4:8D:A3:09:BD,DESKTOP-7GSRCBU,Unknown,Unknown,--
0.0.0.0,02:18:B8:DB:BE:E7,I2221,Unknown,Unknown,--
0.0.0.0,02:70:E0:DB:69:A5,Galaxy-M14,Unknown,Unknown,--
0.0.0.0,02:B9:98:AE:3F:43,OnePlus-Nord-CE-2,Unknown,Unknown,--
0.0.0.0,02:C0:EC:18:0F:AD,Xiaomi-11T-Pro,Unknown,Unknown,--
0.0.0.0,02:C7:8D:F3:F7:8E,Mac,Unknown,Unknown,--
0.0.0.0,02:D6:2F:0B:7E:C5,Tek-bahadur-s-A06,Unknown,Unknown,--
0.0.0.0,02:DD:7B:D8:FC:A6,iPhone,Unknown,Unknown,--
0.0.0.0,04:6C:59:1A:30:79,PratheekJayam,Unknown,Unknown,--
0.0.0.0,04:E8:B9:56:C2:C3,DESKTOP-U12JV13,Unknown,Unknown,--
0.0.0.0,04:E8:B9:5B:6D:46,MUDIT,Unknown,Unknown,--
0.0.0.0,04:EC:D8:DE:F3:F5,LAPTOP-62RVSJMD,Unknown,Unknown,--
0.0.0.0,04:EC:D8:F6:FD:74,LAPTOP-SOT60T9G,Unknown,Unknown,--
0.0.0.0,06:0D:E7:B1:1D:C6,Mac,Unknown,Unknown,--
0.0.0.0,06:0E:D3:FB:FB:82,Nothing-Phone-3a-Pro,Unknown,Unknown,--
0.0.0.0,06:40:C4:5A:79:71,Nothing-Phone-2a,Unknown,Unknown,--
0.0.0.0,06:78:1E:7A:15:6A,OPPO-A79-5G,Unknown,Unknown,--
0.0.0.0,06:7B:1D:03:DB:8F,iPhone,Unknown,Unknown,--
0.0.0.0,06:8D:F8:C1:57:62,iPhone,Unknown,Unknown,--
0.0.0.0,06:AC:F0:7C:D4:86,iPhone,Unknown,Unknown,--
0.0.0.0,06:B2:C8:CF:65:5F,OnePlus-Nord-2T-5G,Unknown,Unknown,--
0.0.0.0,06:F2:DA:F7:B0:87,iPhone,Unknown,Unknown,--
0.0.0.0,08:1C:6E:79:FC:FD,M2006C3MII-Redmi9,Unknown,Unknown,--
0.0.0.0,08:71:6F:96:82:62,android-b549b37713cf4de9,Unknown,Unknown,--
0.0.0.0,0A:28:C8:5A:A0:19,Mac,Unknown,Unknown,--
0.0.0.0,0A:82:F0:B1:7C:AE,iPhone,Unknown,Unknown,--
0.0.0.0,0A:BF:30:7A:75:6F,Galaxy-A21s,Unknown,Unknown,--
0.0.0.0,0A:C2:4B:54:9B:3A,vivo-1907,Unknown,Unknown,--
0.0.0.0,0A:CA:9A:44:1E:29,Mac,Unknown,Unknown,--
0.0.0.0,0A:E8:80:C7:3B:2F,motorola-edge-40,Unknown,Unknown,--
0.0.0.0,0C:E4:41:EC:5C:24,0A157EBEEF8E@MacBook Air (2)._raop._tcp.local,Unknown,Unknown,--
0.0.0.0,0C:EF:15:EB:AA:D2,WIN-6V43USH644O,Unknown,Unknown,--
0.0.0.0,0E:0F:C1:21:E9:B3,_companion-link._tcp.local,Unknown,Unknown,--
0.0.0.0,0E:11:19:F6:70:CE,V2443,Unknown,Unknown,--
0.0.0.0,0E:2A:95:E9:5A:24,Pixel-8,Unknown,Unknown,--
0.0.0.0,0E:FE:C7:1F:E8:FA,iPhone,Unknown,Unknown,--
0.0.0.0,10:63:C8:34:F5:DD,skanda-Lenovo-YOGA-520-14IKB,Unknown,Unknown,--
0.0.0.0,10:68:38:25:6F:5B,tanishaibrahim,Unknown,Unknown,--
0.0.0.0,10:68:38:8F:17:8F,Krishnendu,Unknown,Unknown,--
0.0.0.0,10:91:D1:24:08:6F,DESKTOP-M1QVKJP,Unknown,Unknown,--
0.0.0.0,10:9F:41:A9:1E:51,Shreyas-MBP,Unknown,Unknown,--
0.0.0.0,10:9F:41:D1:EA:F2,Chakri’s MacBook Pro._airplay._tcp.local,Unknown,Unknown,--
0.0.0.0,10:B1:DF:79:BD:BB,LAPTOP-G4GEQUNT,Unknown,Unknown,--
0.0.0.0,10:B5:88:77:7F:EA,piyushs-Air,Unknown,Unknown,--
0.0.0.0,10:B6:76:52:6E:2E,_dosvc._tcp.local,Unknown,Unknown,--
0.0.0.0,10:BD:3A:75:45:5D,SHIVIs-Air,Unknown,Unknown,--
0.0.0.0,12:1F:F0:54:B2:D9,OnePlus7,Unknown,Unknown,--
0.0.0.0,12:4C:03:AA:4A:EA,iPhone,Unknown,Unknown,--
0.0.0.0,12:55:38:B4:1F:58,Mac,Unknown,Unknown,--
0.0.0.0,12:E6:5B:0F:25:8D,Mac,Unknown,Unknown,--
0.0.0.0,14:13:33:73:BF:4B,Legend,Unknown,Unknown,--
0.0.0.0,14:4F:8A:4D:B0:25,DESKTOP-NON6N9D,Unknown,Unknown,--
0.0.0.0,14:5A:FC:55:50:77,DESKTOP-OB9N7EJ,Unknown,Unknown,--
0.0.0.0,14:7D:DA:3D:00:EE,snigdha-macbook,Unknown,Unknown,--
0.0.0.0,14:7F:CE:8F:55:57,MacBook-Air,Unknown,Unknown,--
0.0.0.0,14:AC:60:29:3C:25,Akshay,Unknown,Unknown,--
0.0.0.0,14:AC:60:33:5D:EF,V_2005,Unknown,Unknown,--
0.0.0.0,14:D4:24:54:C7:5B,LAPTOP-LV35SMKH,Unknown,Unknown,--
0.0.0.0,14:D4:24:61:32:23,Naveen,Unknown,Unknown,--
0.0.0.0,14:F6:D8:3E:D7:17,Notebook14,Unknown,Unknown,--
0.0.0.0,14:F6:D8:FD:D6:EE,DESKTOP-QJ13GDD,Unknown,Unknown,--
0.0.0.0,16:16:7A:BB:53:12,Prakyath,Unknown,Unknown,--
0.0.0.0,16:21:1E:5B:C7:34,OnePlus-Nord-CE4,Unknown,Unknown,--
0.0.0.0,16:26:45:A6:C3:2F,Redmi-12C,Unknown,Unknown,--
0.0.0.0,16:38:23:94:D3:3C,KONICAMINOLTA-bizhub-287-05-28-84._uscan._tcp.local,Unknown,Unknown,--
0.0.0.0,16:39:D3:DB:CB:9A,Mac,Unknown,Unknown,--
0.0.0.0,16:7B:18:FA:4F:0D,Mac,Unknown,Unknown,--
0.0.0.0,16:94:A1:6A:EC:66,OnePlus-Nord2-5G,Unknown,Unknown,--
0.0.0.0,16:9D:64:4D:D3:9C,MacBookAir,Unknown,Unknown,--
0.0.0.0,16:B0:5A:50:DD:D4,Mac,Unknown,Unknown,--
0.0.0.0,16:FD:BE:1D:C0:E4,MacBookAir,Unknown,Unknown,--
0.0.0.0,18:26:49:E0:F6:14,KOMMA,Unknown,Unknown,--
0.0.0.0,18:47:3D:F9:1E:87,DESKTOP-IS0UIHG,Unknown,Unknown,--
0.0.0.0,18:84:C1:30:BF:DA,LT-IR86AX,Unknown,Unknown,--
0.0.0.0,18:84:C1:30:C0:24,LT-IR86AX,Unknown,Unknown,--
0.0.0.0,18:84:C1:30:C7:48,LT-IR86AX,Unknown,Unknown,--
0.0.0.0,18:84:C1:30:CA:70,LT-IR86AX,Unknown,Unknown,--
0.0.0.0,18:84:C1:F7:8B:6A,LT-IR86AX,Unknown,Unknown,--
0.0.0.0,18:84:C1:F7:8F:2A,LT-IR86AX,Unknown,Unknown,--
0.0.0.0,1A:02:A2:73:F2:E9,TECNO-POP-8,Unknown,Unknown,--
0.0.0.0,1A:4B:C4:76:73:CF,MacBookAir,Unknown,Unknown,--
0.0.0.0,1A:55:C5:F5:2F:40,Akshay-s-S20-FE,Unknown,Unknown,--
0.0.0.0,1A:B1:DC:C3:F7:A0,Mayur-s-S24,Unknown,Unknown,--
0.0.0.0,1C:02:19:38:2F:AF,OPPO-A12,Unknown,Unknown,--
0.0.0.0,1C:1B:B5:D2:91:A5,DESKTOP-F4MNMF6,Unknown,Unknown,--
0.0.0.0,1C:57:DC:2E:41:46,EA8C3580D4F8@Dhruv’s MacBook Air._raop._tcp.local,Unknown,Unknown,--
0.0.0.0,1C:BF:C0:BC:01:7F,Rhythm,Unknown,Unknown,--
0.0.0.0,1C:BF:C0:F1:55:0B,shristy,Unknown,Unknown,--
0.0.0.0,1C:CE:51:E9:55:D9,SUSH_HP_VICTUS,Unknown,Unknown,--
0.0.0.0,1E:1E:44:A9:EC:45,moto-g96-5G,Unknown,Unknown,--
0.0.0.0,1E:CF:0B:E5:00:EF,iPhone,Unknown,Unknown,--
0.0.0.0,1E:E9:C6:7B:68:DD,V2437,Unknown,Unknown,--
0.0.0.0,20:0B:74:59:98:3C,Anthony-Richard,Unknown,Unknown,--
0.0.0.0,20:2B:20:A3:AF:BD,DESKTOP-37BL7EG,Unknown,Unknown,--
0.0.0.0,20:C1:9B:CA:0A:85,Pubali,Unknown,Unknown,--
0.0.0.0,22:02:36:92:71:B8,iPhone,Unknown,Unknown,--
0.0.0.0,22:06:36:42:9F:13,_googlecast._tcp.local,Unknown,Unknown,--
0.0.0.0,22:30:68:AF:97:98,V2427,Unknown,Unknown,--
0.0.0.0,22:5C:3E:C5:59:37,OnePlus-10R-5G,Unknown,Unknown,--
0.0.0.0,22:68:14:B5:B6:72,A-s-M12,Unknown,Unknown,--
0.0.0.0,22:89:A9:6D:4B:07,iPhone,Unknown,Unknown,--
0.0.0.0,22:A4:6B:0C:B6:21,iPhone,Unknown,Unknown,--
0.0.0.0,22:AF:98:66:9C:3C,Mac,Unknown,Unknown,--
0.0.0.0,24:41:8C:D0:10:1A,DESKTOP-IP0S958,Unknown,Unknown,--
0.0.0.0,24:B2:B9:43:C3:9D,LAPTOP-OMAHT1CP,Unknown,Unknown,--
0.0.0.0,24:B2:B9:8A:D1:C7,lenovo-457,Unknown,Unknown,--
0.0.0.0,24:FB:E3:4B:84:2D,_googlecast._tcp.local,Unknown,Unknown,--
0.0.0.0,26:19:9A:E7:8B:D5,V2437,Unknown,Unknown,--
0.0.0.0,26:31:E0:2E:E1:02,iPhone,Unknown,Unknown,--
0.0.0.0,26:3B:7F:C0:EC:42,iPhone,Unknown,Unknown,--
0.0.0.0,26:57:A6:DC:1E:55,OPPO-Reno8-T-5G,Unknown,Unknown,--
0.0.0.0,26:6C:62:55:76:F9,Mac,Unknown,Unknown,--
0.0.0.0,26:9A:3F:46:B2:47,Redmi-12-5G,Unknown,Unknown,--
0.0.0.0,26:9B:88:D0:90:84,Nothing-Phone-2a-Plus,Unknown,Unknown,--
0.0.0.0,26:9C:F2:E0:14:A2,Mac,Unknown,Unknown,--
0.0.0.0,26:C4:61:83:69:8D,Mac,Unknown,Unknown,--
0.0.0.0,26:CB:F3:76:13:12,OnePlus-9R,Unknown,Unknown,--
0.0.0.0,28:0C:50:EC:CD:F4,DESKTOP-HHVSESA,Unknown,Unknown,--
0.0.0.0,28:11:A8:66:E1:8F,LAPTOP-Q853BBTE,Unknown,Unknown,--
0.0.0.0,28:92:00:29:B3:6E,DESKTOP-LU8Q8NG,Unknown,Unknown,--
0.0.0.0,28:C5:D2:2B:14:F2,DESKTOP-M986FTS,Unknown,Unknown,--
0.0.0.0,28:CD:C4:1D:CD:59,DESKTOP-0J9F01O,Unknown,Unknown,--
0.0.0.0,28:D0:43:51:01:F4,Harshit,Unknown,Unknown,--
0.0.0.0,28:D0:43:86:05:EC,Prathyush,Unknown,Unknown,--
0.0.0.0,28:D0:43:DE:D9:56,Riptide,Unknown,Unknown,--
0.0.0.0,28:D0:43:E1:7F:42,DESKTOP-UVB4FI0,Unknown,Unknown,--
0.0.0.0,2A:14:06:62:2E:67,iPhone,Unknown,Unknown,--
0.0.0.0,2A:25:24:57:A3:FD,Mac,Unknown,Unknown,--
0.0.0.0,2A:28:BE:22:A2:FD,Nothing-Phone-3a-Pro,Unknown,Unknown,--
0.0.0.0,2A:7C:F1:C1:4B:FF,iPhone,Unknown,Unknown,--
0.0.0.0,2A:A9:FE:10:52:A1,iPhone,Unknown,Unknown,--
0.0.0.0,2A:D8:F5:E1:F8:5A,V2404,Unknown,Unknown,--
0.0.0.0,2A:E4:2F:09:E8:EE,Mac,Unknown,Unknown,--
0.0.0.0,2A:F6:82:86:17:1B,iPhone,Unknown,Unknown,--
0.0.0.0,2C:3B:70:D6:83:05,Ayush,Unknown,Unknown,--
0.0.0.0,2C:3B:70:E3:EE:01,LAPTOP-KT4LGE9O,Unknown,Unknown,--
0.0.0.0,2C:3B:70:E5:A0:D5,LAPTOP-K525M1G0,Unknown,Unknown,--
0.0.0.0,2C:3B:70:F9:83:3D,Ajith,Unknown,Unknown,--
0.0.0.0,2C:3B:70:FC:AB:FD,LAPTOP-3DBU91R5,Unknown,Unknown,--
0.0.0.0,2C:7B:A0:2C:C9:CD,LAPTOP-P6EDT749,Unknown,Unknown,--
0.0.0.0,2C:7B:A0:62:EE:EF,OMEN16,Unknown,Unknown,--
0.0.0.0,2C:98:11:18:F7:1C,NPIAF190A,Unknown,Unknown,--
0.0.0.0,2C:9C:58:54:1B:81,Padmini,Unknown,Unknown,--
0.0.0.0,2E:6B:E0:CC:00:51,OnePlus-10R-5G,Unknown,Unknown,--
0.0.0.0,2E:6D:F9:9D:97:9E,V2247,Unknown,Unknown,--
0.0.0.0,2E:DF:F5:77:A2:01,Mac,Unknown,Unknown,--
0.0.0.0,2E:E8:D2:85:5A:1B,iPhone,Unknown,Unknown,--
0.0.0.0,30:05:05:9E:CB:A9,DESKTOP-LKR521I,Unknown,Unknown,--
0.0.0.0,30:E3:A4:93:73:7B,LAPTOP-TK9C8LF6,Unknown,Unknown,--
0.0.0.0,30:E3:A4:E3:2B:28,LAPTOP-VVJ82AO4,Unknown,Unknown,--
0.0.0.0,32:15:08:03:E4:EA,Mac,Unknown,Unknown,--
0.0.0.0,32:21:43:52:7B:2A,Galaxy-A33-5G,Unknown,Unknown,--
0.0.0.0,32:2E:3A:37:7A:07,Shreyx-Pixel-7a,Unknown,Unknown,--
0.0.0.0,32:52:81:E5:8E:16,Dr.shreeshail’s MacBook Air._airplay._tcp.local,Unknown,Unknown,--
0.0.0.0,32:63:0F:DE:8D:69,MacBookAir,Unknown,Unknown,--
0.0.0.0,32:6D:82:0C:E5:96,iPhone,Unknown,Unknown,--
0.0.0.0,32:C4:82:C8:E3:F5,_googlecast._tcp.local,Unknown,Unknown,--
0.0.0.0,32:E7:24:0A:59:78,Pixel-9,Unknown,Unknown,--
0.0.0.0,32:EF:1E:E2:24:AF,POCO-F6,Unknown,Unknown,--
0.0.0.0,34:1C:F0:85:B1:80,M2006C3LII-Redmi9i,Unknown,Unknown,--
0.0.0.0,34:2E:B7:CC:49:D5,LAPTOP-ENH6B1I6,Unknown,Unknown,--
0.0.0.0,34:6F:24:CD:81:D1,LAPTOP-IC9CPL8A,Unknown,Unknown,--
0.0.0.0,34:6F:24:E2:64:BF,Shre-Victus-15,Unknown,Unknown,--
0.0.0.0,34:6F:24:EB:6F:33,LAPTOP-DI1E26BH,Unknown,Unknown,--
0.0.0.0,36:07:36:33:A2:34,Pixel-7a,Unknown,Unknown,--
0.0.0.0,36:0A:32:80:AA:F9,iPhone,Unknown,Unknown,--
0.0.0.0,36:38:39:E6:13:D0,_googlecast._tcp.local,Unknown,Unknown,--
0.0.0.0,36:59:E2:2D:E9:14,Mac,Unknown,Unknown,--
0.0.0.0,36:61:A6:95:57:47,iPhone,Unknown,Unknown,--
0.0.0.0,36:6F:6A:C2:A1:58,realme-9-Pro,Unknown,Unknown,--
0.0.0.0,36:76:12:3D:FF:E6,Swarup-s-A12,Unknown,Unknown,--
0.0.0.0,36:A4:AD:C2:7F:23,iPad,Unknown,Unknown,--
0.0.0.0,36:A6:8F:DD:B9:DB,lb._dns-sd._udp.local,Unknown,Unknown,--
0.0.0.0,36:B2:BB:26:B0:57,Redmi-12-5G,Unknown,Unknown,--
0.0.0.0,36:BB:D5:CC:49:18,iPhone,Unknown,Unknown,--
0.0.0.0,36:DE:E7:B5:51:E7,Motorola-Edge-60-Pro,Unknown,Unknown,--
0.0.0.0,36:E9:76:BB:3A:9B,iPhone,Unknown,Unknown,--
0.0.0.0,36:F9:98:36:44:DD,_googlecast._tcp.local,Unknown,Unknown,--
0.0.0.0,38:8D:3D:25:01:C4,vivak,Unknown,Unknown,--
0.0.0.0,38:BA:F8:91:8A:6B,DESKTOP-IO261F6,Unknown,Unknown,--
0.0.0.0,38:D5:7A:1F:AC:57,_googlecast._tcp.local,Unknown,Unknown,--
0.0.0.0,3A:1D:06:23:30:91,OnePlus-Nord-CE-2-Lite-5G,Unknown,Unknown,--
0.0.0.0,3A:31:BF:B0:6F:85,iPhone,Unknown,Unknown,--
0.0.0.0,3A:3B:E6:7D:DF:76,OPPO-Reno13-5G,Unknown,Unknown,--
0.0.0.0,3A:3D:F4:85:C8:58,MacBookAir,Unknown,Unknown,--
0.0.0.0,3A:6E:12:65:3C:23,Reedhanya-M-s-A21s,Unknown,Unknown,--
0.0.0.0,3A:78:0B:39:B0:38,Nothing-Phone-2a,Unknown,Unknown,--
0.0.0.0,3A:7C:8C:39:69:89,iPhone,Unknown,Unknown,--
0.0.0.0,3A:9F:A9:11:62:BD,iPhone,Unknown,Unknown,--
0.0.0.0,3A:A7:60:F5:96:E7,V2031,Unknown,Unknown,--
0.0.0.0,3A:C1:87:99:16:9A,iPhone,Unknown,Unknown,--
0.0.0.0,3A:E9:D9:B5:47:0F,iPhone,Unknown,Unknown,--
0.0.0.0,3C:0A:F3:F7:8D:EF,Nidhi,Unknown,Unknown,--
0.0.0.0,3C:E9:F7:CF:B4:DF,Degolasu,Unknown,Unknown,--
0.0.0.0,3E:02:88:F7:A5:C1,iPhone,Unknown,Unknown,--
0.0.0.0,3E:18:B5:33:A9:DB,Mac,Unknown,Unknown,--
0.0.0.0,3E:3B:29:1E:5B:CB,Mac,Unknown,Unknown,--
0.0.0.0,3E:3C:A4:52:04:B7,Chandana-s-S23,Unknown,Unknown,--
0.0.0.0,3E:4D:FB:D4:F9:71,MacBookAir,Unknown,Unknown,--
0.0.0.0,3E:7A:90:0D:28:57,OnePlus-12R,Unknown,Unknown,--
0.0.0.0,40:1C:83:89:97:9D,HPNotebook,Unknown,Unknown,--
0.0.0.0,40:5B:D8:16:D5:83,DESKTOP-4NND006,Unknown,Unknown,--
0.0.0.0,40:5B:D8:23:FF:8D,A_C_K_BROTHERZ,Unknown,Unknown,--
0.0.0.0,42:1D:D7:93:D5:A4,OnePlus-7T,Unknown,Unknown,--
0.0.0.0,42:41:19:FD:92:94,iPhone,Unknown,Unknown,--
0.0.0.0,42:49:B1:0A:3B:4C,Mac,Unknown,Unknown,--
0.0.0.0,42:55:C1:19:6B:7E,Redmi-Note-14-Pro-5G,Unknown,Unknown,--
0.0.0.0,42:5D:D6:29:37:55,POCO-X6-5G,Unknown,Unknown,--
0.0.0.0,42:89:15:57:FF:E6,Mac,Unknown,Unknown,--
0.0.0.0,42:99:D5:70:CC:BA,OnePlus-Nord-CE,Unknown,Unknown,--
0.0.0.0,42:A4:D9:8E:CB:D6,_googlecast._tcp.local,Unknown,Unknown,--
0.0.0.0,42:FE:A9:41:7A:BC,_scanner._tcp.local,Unknown,Unknown,--
0.0.0.0,44:03:2C:A8:A6:88,DESKTOP-8JO52JE,Unknown,Unknown,--
0.0.0.0,44:A3:BB:B3:E7:69,LAPTOP-3SG8CE4J,Unknown,Unknown,--
0.0.0.0,44:AF:28:E5:58:12,Lenovo_Srilu,Unknown,Unknown,--
0.0.0.0,44:FA:66:77:2D:0F,rvu-OptiPlex-SFF-7020,Unknown,Unknown,--
0.0.0.0,44:FA:66:77:51:E9,rvu-OptiPlex-SFF-7020,Unknown,Unknown,--
0.0.0.0,44:FA:66:77:52:9D,DESKTOP-H5DBEDM,Unknown,Unknown,--
0.0.0.0,44:FA:66:77:5C:0D,DESKTOP-F35E69O,Unknown,Unknown,--
0.0.0.0,44:FA:66:77:61:49,DESKTOP-H8G4P2P,Unknown,Unknown,--
0.0.0.0,44:FA:66:77:70:8D,rvu-OptiPlex-SFF-7020,Unknown,Unknown,--
0.0.0.0,46:02:23:0B:32:AA,OnePlus-11R-5G,Unknown,Unknown,--
0.0.0.0,46:3D:92:0F:7B:1B,MacBookPro,Unknown,Unknown,--
0.0.0.0,46:77:5D:33:5D:21,131.231.16.172.in-addr.arpa,Unknown,Unknown,--
0.0.0.0,46:87:0C:CD:F3:09,Mac,Unknown,Unknown,--
0.0.0.0,46:BE:7F:5B:64:82,NAMISH-M-S,Unknown,Unknown,--
0.0.0.0,46:CF:F0:88:4E:AA,Mac,Unknown,Unknown,--
0.0.0.0,46:D9:D0:54:96:9B,MacBookPro,Unknown,Unknown,--
0.0.0.0,46:DC:E7:D4:C7:76,Karthik-s-A36,Unknown,Unknown,--
0.0.0.0,46:DD:69:89:FB:32,Nothing-Phone-2a,Unknown,Unknown,--
0.0.0.0,46:DE:44:AD:0C:19,V2205,Unknown,Unknown,--
0.0.0.0,46:F9:8D:59:A9:A5,realme-NARZO-70-Turbo-5G,Unknown,Unknown,--
0.0.0.0,48:45:E6:D0:63:A9,Rachitha,Unknown,Unknown,--
0.0.0.0,48:E7:DA:CC:93:63,DESKTOP-5NU5S65,Unknown,Unknown,--
0.0.0.0,4A:16:1C:70:BB:F0,iPhone,Unknown,Unknown,--
0.0.0.0,4A:25:4F:82:9B:B6,iPhone,Unknown,Unknown,--
0.0.0.0,4A:4D:95:FF:D7:A2,iPhone,Unknown,Unknown,--
0.0.0.0,4A:6A:B1:5D:46:66,iPhone,Unknown,Unknown,--
0.0.0.0,4A:7D:0B:12:EE:3E,MacBookAir,Unknown,Unknown,--
0.0.0.0,4A:80:05:DB:42:78,Swathi-s-M32,Unknown,Unknown,--
0.0.0.0,4A:8C:4A:2C:4C:FB,iPhone,Unknown,Unknown,--
0.0.0.0,4A:C4:B1:72:DA:BE,iPhone,Unknown,Unknown,--
0.0.0.0,4A:C4:C6:EA:BE:01,iPhone,Unknown,Unknown,--
0.0.0.0,4A:E5:9C:A3:4D:47,MacBookAir,Unknown,Unknown,--
0.0.0.0,4A:FC:B1:9D:F1:E1,Mac,Unknown,Unknown,--
0.0.0.0,4C:03:4F:DC:F3:34,AP,Unknown,Unknown,--
0.0.0.0,4C:0F:3E:66:6B:C4,Adi,Unknown,Unknown,--
0.0.0.0,4C:23:38:74:F6:93,LAPTOP-PMD7EQC2,Unknown,Unknown,--
0.0.0.0,4C:32:75:92:CF:97,Rohiths-MBP-2,Unknown,Unknown,--
0.0.0.0,4C:80:93:A6:DC:95,DESKTOP-PDEQDQA,Unknown,Unknown,--
0.0.0.0,4C:D5:77:AD:DC:19,rvupc073,Unknown,Unknown,--
0.0.0.0,4C:D5:77:AD:DC:47,_dosvc._tcp.local,Unknown,Unknown,--
0.0.0.0,4C:D5:77:AD:DC:61,LH - 7._googlecast._tcp.local,Unknown,Unknown,--
0.0.0.0,4C:D5:77:AD:DC:65,LH - 7._googlecast._tcp.local,Unknown,Unknown,--
0.0.0.0,4C:D5:77:AF:BF:17,wpad.local,Unknown,Unknown,--
0.0.0.0,4C:D5:77:B0:5C:F1,RVUPC029,Unknown,Unknown,--
0.0.0.0,4C:D5:77:B0:5D:19,DESKTOP-0ALDNVR,Unknown,Unknown,--
0.0.0.0,4C:D5:77:B0:64:2F,DESKTOP-Q11NN9G,Unknown,Unknown,--
0.0.0.0,4C:D5:77:B0:92:65,DESKTOP-TK0TOT3._dosvc._tcp.local,Unknown,Unknown,--
0.0.0.0,4C:D7:17:84:08:D1,_googlecast._tcp.local,Unknown,Unknown,--
0.0.0.0,4C:D7:17:84:20:B1,rvu-OptiPlex-SFF-7027.local,Unknown,Unknown,--
0.0.0.0,4C:D7:17:84:21:86,HP LaserJet MFP M72630dn (NPIAFE990)._ipp._tcp.local,Unknown,Unknown,--
0.0.0.0,4C:EB:BD:34:25:A9,LAPTOP-004BVGUN,Unknown,Unknown,--
0.0.0.0,4C:EB:BD:95:EC:D7,Lappy,Unknown,Unknown,--
0.0.0.0,4E:00:E2:FC:3D:6A,Mac,Unknown,Unknown,--
0.0.0.0,4E:04:EF:0F:A4:EF,Mac,Unknown,Unknown,--
0.0.0.0,4E:18:E2:7F:C7:EB,iPhone,Unknown,Unknown,--
0.0.0.0,4E:34:68:F0:4C:27,Mac,Unknown,Unknown,--
0.0.0.0,4E:54:46:26:07:1B,iPhone,Unknown,Unknown,--
0.0.0.0,4E:81:28:80:73:A6,HMD-Fusion,Unknown,Unknown,--
0.0.0.0,4E:8B:0B:D4:F8:D8,Nothing-Phone-2a,Unknown,Unknown,--
0.0.0.0,4E:8B:F8:E8:86:5E,iPhone,Unknown,Unknown,--
0.0.0.0,4E:A2:83:6D:BE:9E,_companion-link._tcp.local,Unknown,Unknown,--
0.0.0.0,4E:C0:DF:E8:C8:42,realme-NARZO-70-Turbo-5G,Unknown,Unknown,--
0.0.0.0,4E:FD:D9:06:70:F8,Debarghya’s MacBook Pro._companion-link._tcp.local,Unknown,Unknown,--
0.0.0.0,50:5A:65:76:86:33,Riddhienayak,Unknown,Unknown,--
0.0.0.0,50:5A:65:AD:F4:41,LAPTOP-KV94PNS0,Unknown,Unknown,--
0.0.0.0,50:5A:65:C3:EA:FF,Aishu,Unknown,Unknown,--
0.0.0.0,50:5A:65:C8:B6:43,DRP,Unknown,Unknown,--
0.0.0.0,50:5B:C2:B5:85:DF,DESKTOP-5EGHH00,Unknown,Unknown,--
0.0.0.0,50:A6:D8:DC:BD:01,_ipps._tcp.local,Unknown,Unknown,--
0.0.0.0,50:BB:B5:7A:E7:30,sanidhya,Unknown,Unknown,--
0.0.0.0,50:C2:E8:17:1A:5B,_googlecast._tcp.local,Unknown,Unknown,--
0.0.0.0,52:23:6B:EA:20:0D,iPad,Unknown,Unknown,--
0.0.0.0,52:A1:F9:AB:CB:23,OnePlus-12R,Unknown,Unknown,--
0.0.0.0,52:ED:A3:5C:84:36,Mac,Unknown,Unknown,--
0.0.0.0,54:14:F3:9A:A3:49,DESKTOP-8DDSUN5,Unknown,Unknown,--
0.0.0.0,54:6C:EB:CD:AE:10,Ideapad5,Unknown,Unknown,--
0.0.0.0,54:8D:5A:E6:37:D2,Kavana,Unknown,Unknown,--
0.0.0.0,56:10:21:E1:13:AA,Redmi-Note-10S,Unknown,Unknown,--
0.0.0.0,56:43:6F:9D:9D:4E,Mac,Unknown,Unknown,--
0.0.0.0,56:58:0F:1C:73:B2,_googlecast._tcp.local,Unknown,Unknown,--
0.0.0.0,56:58:ED:9C:8E:05,Mac,Unknown,Unknown,--
0.0.0.0,56:95:68:73:C2:8F,Shreya-s-M34,Unknown,Unknown,--
0.0.0.0,56:98:E1:49:AF:70,OnePlus-Nord-4,Unknown,Unknown,--
0.0.0.0,56:A0:0A:9C:96:B3,Xiaomi-14,Unknown,Unknown,--
0.0.0.0,56:DE:76:B2:B0:ED,iPhone,Unknown,Unknown,--
0.0.0.0,56:FE:8A:0E:5A:46,Radhika-s-A35,Unknown,Unknown,--
0.0.0.0,58:CD:C9:48:C5:33,rvu-OptiPlex-SFF-7020,Unknown,Unknown,--
0.0.0.0,58:CD:C9:48:C5:F5,DESKTOP-CKDA4HF,Unknown,Unknown,--
0.0.0.0,58:CD:C9:48:C6:11,DESKTOP-H5DBEDM,Unknown,Unknown,--
0.0.0.0,58:CD:C9:48:CD:21,DESKTOP-275EFS9,Unknown,Unknown,--
0.0.0.0,58:CD:C9:49:62:CD,rvu-OptiPlex-SFF-7020,Unknown,Unknown,--
0.0.0.0,58:CD:C9:49:75:BF,rvu-OptiPlex-SFF-7020,Unknown,Unknown,--
0.0.0.0,58:CD:C9:49:90:B9,rvu-OptiPlex-SFF-7020,Unknown,Unknown,--
0.0.0.0,58:CD:C9:49:A7:8D,rvu-OptiPlex-SFF-7020,Unknown,Unknown,--
0.0.0.0,58:CD:C9:49:A7:93,DESKTOP-H5DBEDM,Unknown,Unknown,--
0.0.0.0,58:CD:C9:9B:97:F1,DESKTOP-3F7T00M,Unknown,Unknown,--
0.0.0.0,58:CD:C9:DA:C0:A3,DESKTOP-U9FMM5V,Unknown,Unknown,--
0.0.0.0,5A:33:93:DF:F9:BF,Mac,Unknown,Unknown,--
0.0.0.0,5A:4A:E1:0C:95:D0,CMF-by-Nothing-Phone-2-Pro,Unknown,Unknown,--
0.0.0.0,5A:53:74:FE:70:6E,Galaxy-M31,Unknown,Unknown,--
0.0.0.0,5A:66:5F:25:F4:97,OnePlus-11R-5G,Unknown,Unknown,--
0.0.0.0,5A:6B:A2:FE:A0:36,Mac,Unknown,Unknown,--
0.0.0.0,5A:A8:3F:4E:D8:99,iPhone,Unknown,Unknown,--
0.0.0.0,5A:B4:79:51:13:80,HP LaserJet MFP M72630dn (NPI6EEAEE)._pdl-datastream._tcp.local,Unknown,Unknown,--
0.0.0.0,5A:D4:48:1C:81:B3,Mac,Unknown,Unknown,--
0.0.0.0,5A:E5:28:75:E6:61,narzo-50A,Unknown,Unknown,--
0.0.0.0,5A:E9:F0:AD:5E:D3,Mehul-s-M34,Unknown,Unknown,--
0.0.0.0,5A:EA:6E:B9:BD:AA,_googlecast._tcp.local,Unknown,Unknown,--
0.0.0.0,5A:FA:54:DD:65:0B,iPhone,Unknown,Unknown,--
0.0.0.0,5C:87:9C:4D:EA:F9,arcus,Unknown,Unknown,--
0.0.0.0,5C:A0:6C:73:52:C9,realme-C53,Unknown,Unknown,--
0.0.0.0,5C:B2:6D:EF:76:AD,BOOK-DRASE1E4FA,Unknown,Unknown,--
0.0.0.0,5C:E9:1E:96:68:91,Chakris-MBP,Unknown,Unknown,--
0.0.0.0,5C:E9:1E:BF:FC:97,_uscan._tcp.local,Unknown,Unknown,--
0.0.0.0,5E:23:48:53:50:D2,Pixel-6a,Unknown,Unknown,--
0.0.0.0,5E:37:C3:F0:DD:FE,iPhone,Unknown,Unknown,--
0.0.0.0,5E:A3:0E:86:AE:E4,Nothing-Phone-2a,Unknown,Unknown,--
0.0.0.0,5E:AC:B9:CF:2B:DC,4c:e6:c0:da:77:3c@fe80::4ee6:c0ff:feda:773c-supportsRP-24._apple-mobdev2._tcp.local,Unknown,Unknown,--
0.0.0.0,5E:B8:DF:DE:6F:3C,realme-C33,Unknown,Unknown,--
0.0.0.0,5E:C2:B2:51:E8:ED,_googlecast._tcp.local,Unknown,Unknown,--
0.0.0.0,5E:E8:26:C0:31:26,_googlecast._tcp.local,Unknown,Unknown,--
0.0.0.0,5E:EF:41:D2:AA:2D,iPhone,Unknown,Unknown,--
0.0.0.0,60:45:2E:6A:7E:35,_googlecast._tcp.local,Unknown,Unknown,--
0.0.0.0,60:45:2E:7B:9A:21,MD_FAIZAAN_R,Unknown,Unknown,--
0.0.0.0,60:D0:39:49:25:70,Hareens-iPhone,Unknown,Unknown,--
0.0.0.0,60:E9:AA:2B:DF:99,Mithal-Laptop2004,Unknown,Unknown,--
0.0.0.0,60:E9:AA:45:8A:41,Athish,Unknown,Unknown,--
0.0.0.0,60:F2:62:78:A6:7C,DESKTOP-86AJ1HS,Unknown,Unknown,--
0.0.0.0,60:FF:9E:3A:99:78,abhay,Unknown,Unknown,--
0.0.0.0,60:FF:9E:EE:D4:B2,LAPTOP-5M2HJQUC,Unknown,Unknown,--
0.0.0.0,62:00:42:FF:24:27,LAVA-LXX504,Unknown,Unknown,--
0.0.0.0,62:26:5C:F1:D6:E8,OnePlus-Nord-CE5,Unknown,Unknown,--
0.0.0.0,62:26:87:2A:C1:F3,iPhone,Unknown,Unknown,--
0.0.0.0,62:3D:38:04:FB:B5,MacBookAir,Unknown,Unknown,--
0.0.0.0,62:98:A2:1D:62:56,Nothing-Phone-3a,Unknown,Unknown,--
0.0.0.0,62:D6:35:D5:C5:72,Prathima-s-A21s,Unknown,Unknown,--
0.0.0.0,62:E3:18:A3:33:A7,realme-15T,Unknown,Unknown,--
0.0.0.0,64:79:F0:D2:7B:98,RakshuPC,Unknown,Unknown,--
0.0.0.0,66:0A:98:7B:48:93,V2130,Unknown,Unknown,--
0.0.0.0,66:5F:AD:DA:28:91,Mac,Unknown,Unknown,--
0.0.0.0,66:74:3D:7F:A2:C8,Mac,Unknown,Unknown,--
0.0.0.0,66:A0:B2:44:BA:EA,MacBookPro,Unknown,Unknown,--
0.0.0.0,66:A3:D5:F1:04:D5,vivo-1904,Unknown,Unknown,--
0.0.0.0,66:B5:D7:B7:36:0B,iPhone,Unknown,Unknown,--
0.0.0.0,68:34:21:5A:DA:F2,LAPTOP-3BH4LRN9,Unknown,Unknown,--
0.0.0.0,68:34:21:6D:73:E7,tushar,Unknown,Unknown,--
0.0.0.0,68:34:21:7B:5C:EB,Niranjan,Unknown,Unknown,--
0.0.0.0,6A:09:44:75:C6:E3,V2509,Unknown,Unknown,--
0.0.0.0,6A:1F:9E:CD:C4:AC,Mac,Unknown,Unknown,--
0.0.0.0,6A:44:0E:66:FB:96,Harshit-s-A16,Unknown,Unknown,--
0.0.0.0,6A:52:8A:81:B2:41,POCO-F5,Unknown,Unknown,--
0.0.0.0,6A:56:BE:36:A0:07,I2305,Unknown,Unknown,--
0.0.0.0,6C:F6:DA:92:9B:2C,LAKSHMI,Unknown,Unknown,--
0.0.0.0,6E:25:53:97:6B:F3,Mac,Unknown,Unknown,--
0.0.0.0,6E:80:AC:F3:0C:51,Mac,Unknown,Unknown,--
0.0.0.0,6E:83:38:07:96:4B,OPPO-A5-2020,Unknown,Unknown,--
0.0.0.0,6E:8B:94:56:94:7A,Lipika,Unknown,Unknown,--
0.0.0.0,6E:A1:9F:CF:46:0C,Mac,Unknown,Unknown,--
0.0.0.0,6E:F1:E7:E8:EA:AB,iPhone,Unknown,Unknown,--
0.0.0.0,70:08:94:20:C9:CF,LAPTOP-N0E5CM3L,Unknown,Unknown,--
0.0.0.0,70:08:94:B1:95:FB,akshay,Unknown,Unknown,--
0.0.0.0,70:08:94:E2:B9:45,Dixon-Lenovo,Unknown,Unknown,--
0.0.0.0,70:32:17:FC:8E:EC,DESKTOP-B2HDD5A,Unknown,Unknown,--
0.0.0.0,70:A6:CC:CD:78:0F,LH - 7._googlecast._tcp.local,Unknown,Unknown,--
0.0.0.0,70:BC:10:75:97:E6,Surface,Unknown,Unknown,--
0.0.0.0,72:03:D2:69:1C:13,iPhone,Unknown,Unknown,--
0.0.0.0,72:2A:3B:E6:4C:3D,iPad,Unknown,Unknown,--
0.0.0.0,72:33:BE:EB:58:50,realme-GT-Neo2-5G-pro,Unknown,Unknown,--
0.0.0.0,72:37:69:67:78:96,Mac,Unknown,Unknown,--
0.0.0.0,72:40:51:88:CE:17,Pixel-9a,Unknown,Unknown,--
0.0.0.0,72:41:3B:08:ED:AD,_companion-link._tcp.local,Unknown,Unknown,--
0.0.0.0,72:60:81:BD:4E:AD,iPhone,Unknown,Unknown,--
0.0.0.0,72:87:47:BD:EE:FE,Tanishq-s-Galaxy,Unknown,Unknown,--
0.0.0.0,72:9F:BE:A2:C9:37,POCO-C75-5G,Unknown,Unknown,--
0.0.0.0,72:B9:6B:65:CB:16,Ragul-s-A06,Unknown,Unknown,--
0.0.0.0,72:F0:E8:0B:10:FB,M2101K7BI,Unknown,Unknown,--
0.0.0.0,72:F5:14:F0:14:7E,V2238,Unknown,Unknown,--
0.0.0.0,72:FE:7F:8E:95:5E,Mac,Unknown,Unknown,--
0.0.0.0,74:0E:A4:90:B7:19,Elizabeths-Air,Unknown,Unknown,--
0.0.0.0,74:0E:A4:92:87:CC,Manasvinis-Air,Unknown,Unknown,--
0.0.0.0,74:3A:F4:50:C8:05,Lenovo,Unknown,Unknown,--
0.0.0.0,74:3A:F4:69:A1:2C,DESKTOP-UDR7A1M,Unknown,Unknown,--
0.0.0.0,74:40:BB:90:B2:41,DESKTOP-6O9871G,Unknown,Unknown,--
0.0.0.0,74:4C:A1:7B:D3:8F,LAPTOP-E5GN7NB7,Unknown,Unknown,--
0.0.0.0,74:A6:CD:CE:1C:D2,Meghas-Air,Unknown,Unknown,--
0.0.0.0,76:2F:1C:DF:86:AF,iPad,Unknown,Unknown,--
0.0.0.0,76:4B:A6:D3:02:E1,2.4.8.1.3.8.E.E.F.A.F.0.A.C.C.0.0.0.0.0.0.0.0.0.0.0.0.0.0.8.E.F.ip6.arpa,Unknown,Unknown,--
0.0.0.0,76:FF:FA:E2:18:2E,iPhone,Unknown,Unknown,--
0.0.0.0,78:46:5C:64:78:09,DellSundari,Unknown,Unknown,--
0.0.0.0,78:46:5C:69:9F:B1,DESKTOP-MOFLSB2,Unknown,Unknown,--
0.0.0.0,78:46:5C:9A:79:79,penguin,Unknown,Unknown,--
0.0.0.0,78:46:5C:AA:7D:B1,DESKTOP-3N2OIR4,Unknown,Unknown,--
0.0.0.0,78:4F:43:87:6E:59,Arvindmacs-MBP,Unknown,Unknown,--
0.0.0.0,78:AF:08:7C:67:A3,REVA,Unknown,Unknown,--
0.0.0.0,7A:00:99:2A:1C:B7,Arnav-s-S20-FE,Unknown,Unknown,--
0.0.0.0,7A:10:87:CA:B0:CB,21051182G,Unknown,Unknown,--
0.0.0.0,7A:11:E1:C9:74:DF,Mac,Unknown,Unknown,--
0.0.0.0,7A:43:8F:DC:67:0F,moto-g64-5G,Unknown,Unknown,--
0.0.0.0,7A:50:DB:ED:C5:DF,_rdlink._tcp.local,Unknown,Unknown,--
0.0.0.0,7A:71:E4:4C:2D:A2,Aditi-s-S20-FE,Unknown,Unknown,--
0.0.0.0,7A:B6:C2:DD:19:8F,V2036,Unknown,Unknown,--
0.0.0.0,7A:F4:7C:25:41:C3,Mac,Unknown,Unknown,--
0.0.0.0,7C:B5:66:CF:5B:07,DESKTOP-D9O54R6,Unknown,Unknown,--
0.0.0.0,7E:62:36:80:CA:F3,OnePlus-Nord-CE-3-Lite-5G,Unknown,Unknown,--
0.0.0.0,7E:7C:27:06:B9:40,I2221,Unknown,Unknown,--
0.0.0.0,7E:B6:84:96:13:E1,OPPO-Reno10-5G,Unknown,Unknown,--
0.0.0.0,7E:EF:AB:8F:6F:8F,Mac,Unknown,Unknown,--
0.0.0.0,80:30:49:70:02:47,DESKTOP-AIC5CRO,Unknown,Unknown,--
0.0.0.0,80:32:53:D1:0D:94,KalpanaDevi,Unknown,Unknown,--
0.0.0.0,80:38:FB:42:19:4F,RVUPC110._dosvc._tcp.local,Unknown,Unknown,--
0.0.0.0,80:38:FB:42:19:77,DESKTOP-81T57RI,Unknown,Unknown,--
0.0.0.0,80:38:FB:42:19:EA,LH - 7._googlecast._tcp.local,Unknown,Unknown,--
0.0.0.0,80:38:FB:43:8A:2D,_dosvc._tcp.local,Unknown,Unknown,--
0.0.0.0,80:38:FB:45:39:F4,_googlecast._tcp.local,Unknown,Unknown,--
0.0.0.0,80:38:FB:45:A9:48,_googlecast._tcp.local,Unknown,Unknown,--
0.0.0.0,80:38:FB:45:AA:01,_dosvc._tcp.local,Unknown,Unknown,--
0.0.0.0,80:38:FB:46:F9:29,RVUPC123._dosvc._tcp.local,Unknown,Unknown,--
0.0.0.0,80:38:FB:AE:24:EB,LAPTOP-MUEM19OK,Unknown,Unknown,--
0.0.0.0,80:65:7C:CC:67:67,Sundars-Air,Unknown,Unknown,--
0.0.0.0,80:84:89:7F:DB:59,ICCHomePC,Unknown,Unknown,--
0.0.0.0,80:84:89:DB:90:48,Adwaith,Unknown,Unknown,--
0.0.0.0,80:8A:8B:11:E5:B1,vivo-1814,Unknown,Unknown,--
0.0.0.0,80:91:33:1C:55:4D,LAPTOP-6J5H10F0,Unknown,Unknown,--
0.0.0.0,80:A9:97:23:01:5F,Rheas-MBP,Unknown,Unknown,--
0.0.0.0,80:A9:97:44:06:B9,Varshas-MBP,Unknown,Unknown,--
0.0.0.0,80:D2:1D:F5:7D:79,LAPTOP-O41AE7UC,Unknown,Unknown,--
0.0.0.0,82:27:66:A8:87:F1,Galaxy-A16-5G,Unknown,Unknown,--
0.0.0.0,82:40:67:EC:BE:A9,iPhone,Unknown,Unknown,--
0.0.0.0,82:46:F3:21:10:32,POCO-M4-5G,Unknown,Unknown,--
0.0.0.0,82:93:94:ED:64:92,MacBookAir,Unknown,Unknown,--
0.0.0.0,82:B3:40:07:69:B0,iPhone,Unknown,Unknown,--
0.0.0.0,82:C5:7C:8A:4C:A1,Nothing-Phone-2a,Unknown,Unknown,--
0.0.0.0,84:94:37:CF:6E:3C,Abhineeths-Air,Unknown,Unknown,--
0.0.0.0,84:94:37:D3:94:97,VARSHAS-MACBOOK,Unknown,Unknown,--
0.0.0.0,84:94:37:E3:10:C8,Chiranths-Air,Unknown,Unknown,--
0.0.0.0,84:C5:A6:80:DA:90,DESKTOP-1FPVBGD,Unknown,Unknown,--
0.0.0.0,86:0E:FD:75:9B:F7,_rdlink._tcp.local,Unknown,Unknown,--
0.0.0.0,86:41:60:66:57:F0,Pixel-7-Pro,Unknown,Unknown,--
0.0.0.0,86:6C:39:FA:9B:5C,iPhone,Unknown,Unknown,--
0.0.0.0,86:7A:76:97:E7:9C,MacBookAir,Unknown,Unknown,--
0.0.0.0,86:93:DA:4E:ED:FB,iPad,Unknown,Unknown,--
0.0.0.0,86:D1:3F:7B:BA:1E,iPad,Unknown,Unknown,--
0.0.0.0,86:F6:68:38:D3:E8,OnePlus-Nord-CE-2,Unknown,Unknown,--
0.0.0.0,86:FD:BF:C9:13:51,V2318,Unknown,Unknown,--
0.0.0.0,88:66:5A:0F:BD:12,HP Smart Tank 790 series [162CD4]._printer._tcp.local,Unknown,Unknown,--
0.0.0.0,88:A2:9E:19:CE:A7,rp4,Unknown,Unknown,--
0.0.0.0,8A:04:BC:CF:94:B1,Nothing-Phone-3a-Pro,Unknown,Unknown,--
0.0.0.0,8A:14:A7:E3:B9:68,Mac,Unknown,Unknown,--
0.0.0.0,8A:26:25:7F:47:93,Srujana-s-A56,Unknown,Unknown,--
0.0.0.0,8A:3E:93:98:B7:63,3.6.7.B.8.9.E.F.F.F.3.9.E.3.8.8.0.0.0.0.0.0.0.0.0.0.0.0.0.8.E.F.ip6.arpa,Unknown,Unknown,--
0.0.0.0,8A:58:E1:96:C5:2C,MacBookAir,Unknown,Unknown,--
0.0.0.0,8A:74:DB:D1:B4:D7,iPhone,Unknown,Unknown,--
0.0.0.0,8A:A0:06:32:77:DF,Mac,Unknown,Unknown,--
0.0.0.0,8A:E1:03:22:51:8E,OnePlus-13s,Unknown,Unknown,--
0.0.0.0,8C:53:E6:E2:C1:E5,_spotify-social-listening._tcp.local,Unknown,Unknown,--
0.0.0.0,8C:C8:4B:72:82:CF,DESKTOP-N5GED2F,Unknown,Unknown,--
0.0.0.0,8E:22:B6:CE:2F:C1,Redmi-Note-13-Pro-5G,Unknown,Unknown,--
0.0.0.0,8E:3F:1E:1A:B5:16,iPhone,Unknown,Unknown,--
0.0.0.0,8E:40:7C:C6:90:C8,Vikas-s-S24,Unknown,Unknown,--
0.0.0.0,8E:61:A3:0B:20:11,realme-9-5G,Unknown,Unknown,--
0.0.0.0,8E:91:94:2E:B6:5C,Nothing-Phone-2a,Unknown,Unknown,--
0.0.0.0,8E:AF:52:94:DE:7A,Galaxy-A14-5G,Unknown,Unknown,--
0.0.0.0,8E:C4:FE:16:A9:12,Mac,Unknown,Unknown,--
0.0.0.0,8E:C5:A4:99:0F:63,OnePlus-Nord-CE-3-Lite-5G,Unknown,Unknown,--
0.0.0.0,90:0F:0C:BB:B3:35,LAPTOP-K967FUTV,Unknown,Unknown,--
0.0.0.0,90:0F:0C:FF:8E:E3,LAPTOP-ELPN1N9K,Unknown,Unknown,--
0.0.0.0,90:E8:68:BD:D6:A3,RV,Unknown,Unknown,--
0.0.0.0,92:21:EB:FA:B3:CD,realme-narzo-60-Pro-5G,Unknown,Unknown,--
0.0.0.0,92:72:59:DD:54:B0,iPhone,Unknown,Unknown,--
0.0.0.0,92:A2:5E:A1:18:6D,Pranav,Unknown,Unknown,--
0.0.0.0,92:AB:6D:E5:D9:9A,iPad,Unknown,Unknown,--
0.0.0.0,92:BA:29:0A:09:CB,iPhone,Unknown,Unknown,--
0.0.0.0,92:E8:6E:3F:85:C4,OPPO-A53,Unknown,Unknown,--
0.0.0.0,92:ED:67:D9:24:A6,MacBookPro,Unknown,Unknown,--
0.0.0.0,94:17:00:F9:73:59,M2004J19C,Unknown,Unknown,--
0.0.0.0,94:BB:43:02:A4:E1,HP Color LaserJet MFP E78523 [F7811A]._ipps._tcp.local,Unknown,Unknown,--
0.0.0.0,94:BB:43:37:AA:DF,DESKTOP-S80FVPJ,Unknown,Unknown,--
0.0.0.0,94:BB:43:67:15:6D,Gagan,Unknown,Unknown,--
0.0.0.0,94:BB:43:67:40:59,KUSHAL-1918,Unknown,Unknown,--
0.0.0.0,96:24:C3:91:34:95,vivo-1906,Unknown,Unknown,--
0.0.0.0,96:28:04:F8:F8:87,Galaxy-F15-5G,Unknown,Unknown,--
0.0.0.0,96:2D:49:17:29:DD,iPad,Unknown,Unknown,--
0.0.0.0,96:47:1B:9E:63:F5,POCO-F5,Unknown,Unknown,--
0.0.0.0,96:5D:74:90:45:06,iPhone,Unknown,Unknown,--
0.0.0.0,96:71:7B:CA:58:D1,Mac,Unknown,Unknown,--
0.0.0.0,96:90:72:70:D9:F0,iPad,Unknown,Unknown,--
0.0.0.0,96:9B:C1:58:21:EA,POCO-C71,Unknown,Unknown,--
0.0.0.0,96:E3:BD:3B:D0:56,Adis-Galaxy-S9,Unknown,Unknown,--
0.0.0.0,96:F2:97:8D:E4:E2,Mac,Unknown,Unknown,--
0.0.0.0,96:F5:9D:57:69:4E,Mac,Unknown,Unknown,--
0.0.0.0,96:FC:CA:01:A2:1C,Nothing-Phone-3a-Pro,Unknown,Unknown,--
0.0.0.0,98:3B:8F:F3:1F:97,DESKTOP-7BF6K35,Unknown,Unknown,--
0.0.0.0,98:5F:41:20:94:2D,MAN,Unknown,Unknown,--
0.0.0.0,98:5F:41:59:D0:2B,Nishant,Unknown,Unknown,--
0.0.0.0,98:5F:41:60:31:05,Rajesh,Unknown,Unknown,--
0.0.0.0,98:AF:65:7B:C8:1B,arunav,Unknown,Unknown,--
0.0.0.0,98:BD:80:03:49:81,LAPTOP-M5230QIQ,Unknown,Unknown,--
0.0.0.0,9A:09:D4:62:38:C6,iPhone,Unknown,Unknown,--
0.0.0.0,9A:0D:F6:00:43:04,Aahhhhh,Unknown,Unknown,--
0.0.0.0,9A:1B:33:1E:D0:AF,Redmi-12,Unknown,Unknown,--
0.0.0.0,9A:23:B8:03:6B:67,POCO-X6-Pro-5G,Unknown,Unknown,--
0.0.0.0,9A:38:78:DF:06:C9,OnePlus-12R,Unknown,Unknown,--
0.0.0.0,9A:3E:99:6D:41:21,Redmi-Pad-Pro-5G,Unknown,Unknown,--
0.0.0.0,9A:42:93:93:C3:02,Pixel-6a,Unknown,Unknown,--
0.0.0.0,9A:45:AC:F3:44:73,iPhone,Unknown,Unknown,--
0.0.0.0,9A:70:93:B8:36:88,iPhone,Unknown,Unknown,--
0.0.0.0,9A:91:50:96:B8:3A,Redmi-12-5G,Unknown,Unknown,--
0.0.0.0,9A:DA:DF:8D:E3:E4,Mac,Unknown,Unknown,--
0.0.0.0,9C:30:5B:A4:D4:25,RamyaPC,Unknown,Unknown,--
0.0.0.0,9C:4E:36:BD:13:D4,DESKTOP-BO7KLBR,Unknown,Unknown,--
0.0.0.0,9C:58:84:1D:48:09,Cathlyns-Air,Unknown,Unknown,--
0.0.0.0,9C:58:84:47:88:93,Vikeshs-Air,Unknown,Unknown,--
0.0.0.0,9C:65:EB:09:8F:E4,ADITYA,Unknown,Unknown,--
0.0.0.0,9C:B1:50:67:76:B8,Niteeshkumar,Unknown,Unknown,--
0.0.0.0,9C:C7:D3:2B:9C:84,LAPTOP-JQ4DTU9J,Unknown,Unknown,--
0.0.0.0,9C:C7:D3:C5:17:0C,Usman,Unknown,Unknown,--
0.0.0.0,9E:00:04:DB:83:60,iPhone,Unknown,Unknown,--
0.0.0.0,9E:38:43:11:40:D2,Xiaomi-11-Lite-NE,Unknown,Unknown,--
0.0.0.0,9E:7F:9D:F3:B9:A5,Mac,Unknown,Unknown,--
0.0.0.0,9E:8A:73:41:ED:F3,POCO-X5-Pro-5G,Unknown,Unknown,--
0.0.0.0,9E:A2:EE:62:47:5D,Redmi-13C,Unknown,Unknown,--
0.0.0.0,9E:C5:67:8F:5B:2C,iPhone,Unknown,Unknown,--
0.0.0.0,9E:CF:2A:06:0B:A4,realme-11-Pro-5G,Unknown,Unknown,--
0.0.0.0,9E:D0:01:23:EB:76,Mac,Unknown,Unknown,--
0.0.0.0,9E:E7:BA:99:E2:F9,OnePlus-Nord,Unknown,Unknown,--
0.0.0.0,9E:FA:33:6D:D2:2F,OnePlus-Nord-3-5G,Unknown,Unknown,--
0.0.0.0,9E:FF:3F:70:DE:27,Redmi-Note-13-Pro-5G,Unknown,Unknown,--
0.0.0.0,A0:02:A5:6E:61:71,_googlecast._tcp.local,Unknown,Unknown,--
0.0.0.0,A0:29:42:15:8E:16,ganesh,Unknown,Unknown,--
0.0.0.0,A0:29:42:61:59:CC,Hp,Unknown,Unknown,--
0.0.0.0,A0:51:0B:A0:44:39,DESKTOP-B69ODJI,Unknown,Unknown,--
0.0.0.0,A0:59:50:7D:8D:18,_spotify-social-listening._tcp.local,Unknown,Unknown,--
0.0.0.0,A0:76:88:00:01:68,Prabhu,Unknown,Unknown,--
0.0.0.0,A0:9A:8E:06:50:0F,Tanushs-Air,Unknown,Unknown,--
0.0.0.0,A0:D3:65:04:52:A9,DESKTOP-P6NB709,Unknown,Unknown,--
0.0.0.0,A2:07:17:9C:0C:99,Mac,Unknown,Unknown,--
0.0.0.0,A2:10:A6:4A:7B:73,Mac,Unknown,Unknown,--
0.0.0.0,A2:13:09:33:0C:70,vismitha,Unknown,Unknown,--
0.0.0.0,A2:21:36:6F:D8:44,iPhone,Unknown,Unknown,--
0.0.0.0,A2:36:22:80:40:97,Raikar,Unknown,Unknown,--
0.0.0.0,A2:7C:61:4B:13:0F,A73,Unknown,Unknown,--
0.0.0.0,A2:C1:9F:79:0F:36,EverestMacbookPro._rfb._tcp.local,Unknown,Unknown,--
0.0.0.0,A2:EB:C9:46:B8:75,OPPO-A55,Unknown,Unknown,--
0.0.0.0,A4:55:90:4B:AA:CF,M2101K7BI,Unknown,Unknown,--
0.0.0.0,A4:83:E7:9F:EF:DC,Apples-Air-3,Unknown,Unknown,--
0.0.0.0,A4:C4:94:A5:A1:BD,DESKTOP-BNVQBI7,Unknown,Unknown,--
0.0.0.0,A4:E2:87:4C:7D:76,Redmi-A2,Unknown,Unknown,--
0.0.0.0,A6:0F:4A:CF:D8:2E,I2018,Unknown,Unknown,--
0.0.0.0,A6:1B:43:14:44:DC,MacBookAir,Unknown,Unknown,--
0.0.0.0,A6:7D:6C:6A:0C:44,_companion-link._tcp.local,Unknown,Unknown,--
0.0.0.0,A6:94:84:8A:8B:01,Mac,Unknown,Unknown,--
0.0.0.0,A6:AB:94:8E:DF:F9,Mac,Unknown,Unknown,--
0.0.0.0,A6:B2:F6:6B:4E:CA,Mac,Unknown,Unknown,--
0.0.0.0,A6:BA:62:CD:9D:36,Mac,Unknown,Unknown,--
0.0.0.0,A6:E9:C8:27:B3:65,iPhone,Unknown,Unknown,--
0.0.0.0,A8:41:F4:93:3A:57,Pushkarni,Unknown,Unknown,--
0.0.0.0,A8:41:F4:C0:E9:77,ShwetalHPLaptop,Unknown,Unknown,--
0.0.0.0,A8:42:A1:40:D1:5D,Brahma,Unknown,Unknown,--
0.0.0.0,A8:93:4A:2C:09:D7,DESKTOP-M8ASEKB,Unknown,Unknown,--
0.0.0.0,A8:E2:91:21:C2:62,LAPTOP-UMH4703N,Unknown,Unknown,--
0.0.0.0,A8:E2:91:2B:2D:E0,NIKHIL,Unknown,Unknown,--
0.0.0.0,A8:E2:91:CA:C0:76,LAPTOP-4PO7DSGI,Unknown,Unknown,--
0.0.0.0,AA:14:AE:14:78:53,iPhone,Unknown,Unknown,--
0.0.0.0,AA:20:95:38:58:E6,Nothing-Phone-2,Unknown,Unknown,--
0.0.0.0,AA:2D:84:11:EC:5C,Sneha-s-A36,Unknown,Unknown,--
0.0.0.0,AA:35:52:6F:7F:BE,I2405,Unknown,Unknown,--
0.0.0.0,AA:40:0C:82:1D:3E,Redmi-12-5G,Unknown,Unknown,--
0.0.0.0,AA:6C:10:6C:08:69,tanusha,Unknown,Unknown,--
0.0.0.0,AA:7C:FD:4B:A7:D6,Nothing-Phone-3a-Pro,Unknown,Unknown,--
0.0.0.0,AA:83:2C:63:06:A6,_companion-link._tcp.local,Unknown,Unknown,--
0.0.0.0,AA:8D:4D:40:27:2A,iPhone,Unknown,Unknown,--
0.0.0.0,AA:C7:36:E4:3E:53,OnePlus-Nord-3-5G,Unknown,Unknown,--
0.0.0.0,AA:F6:CD:A8:33:68,V2022,Unknown,Unknown,--
0.0.0.0,AC:19:8E:10:4F:28,DESKTOP-IKVLDVC,Unknown,Unknown,--
0.0.0.0,AC:19:8E:22:D2:4C,RISHA_PC,Unknown,Unknown,--
0.0.0.0,AC:3E:B1:77:F4:7F,Pixel-7,Unknown,Unknown,--
0.0.0.0,AE:02:92:B6:94:47,V2246,Unknown,Unknown,--
0.0.0.0,AE:6F:E6:B5:08:58,Mac,Unknown,Unknown,--
0.0.0.0,AE:9B:03:B6:AF:C4,Mac,Unknown,Unknown,--
0.0.0.0,AE:A0:71:78:86:64,V2031,Unknown,Unknown,--
0.0.0.0,AE:FC:59:B4:88:19,V2427,Unknown,Unknown,--
0.0.0.0,B0:68:E6:B9:B0:57,vostro-3580,Unknown,Unknown,--
0.0.0.0,B0:BE:83:07:85:16,Lavanyas-Air,Unknown,Unknown,--
0.0.0.0,B0:BE:83:65:A2:35,sams-MBP-2,Unknown,Unknown,--
0.0.0.0,B0:DC:EF:16:87:C6,KRITIN,Unknown,Unknown,--
0.0.0.0,B0:FC:36:CD:62:9F,LAPTOP-J2T6JGTN,Unknown,Unknown,--
0.0.0.0,B2:34:C0:DF:AB:B9,Mac,Unknown,Unknown,--
0.0.0.0,B2:61:54:55:72:A6,OnePlus-11R-5G,Unknown,Unknown,--
0.0.0.0,B2:93:D0:ED:74:A5,iPhone,Unknown,Unknown,--
0.0.0.0,B2:A8:22:62:E0:57,_googlecast._tcp.local,Unknown,Unknown,--
0.0.0.0,B2:E0:5E:92:E1:E9,iPhone,Unknown,Unknown,--
0.0.0.0,B2:F8:F1:2C:F8:F8,iPad,Unknown,Unknown,--
0.0.0.0,B2:FA:CA:32:0F:98,Ambresh-s-A80,Unknown,Unknown,--
0.0.0.0,B4:8C:9D:13:F3:13,Kru,Unknown,Unknown,--
0.0.0.0,B4:8C:9D:5C:63:1D,Zephyrus,Unknown,Unknown,--
0.0.0.0,B4:8C:9D:6F:5C:5A,LAPTOP-OA9LMPP8,Unknown,Unknown,--
0.0.0.0,B4:B5:B6:A6:9B:43,Amoebak,Unknown,Unknown,--
0.0.0.0,B4:B5:B6:F1:FB:6F,LAPTOP-U3BUGTFO,Unknown,Unknown,--
0.0.0.0,B4:C4:FC:D7:82:F4,Redmi7-Redmi,Unknown,Unknown,--
0.0.0.0,B6:32:82:9D:A3:E4,_companion-link._tcp.local,Unknown,Unknown,--
0.0.0.0,B6:34:6A:34:B2:4A,V2055,Unknown,Unknown,--
0.0.0.0,B6:91:11:A2:E8:26,iPhone,Unknown,Unknown,--
0.0.0.0,B6:95:BB:1B:CD:C5,Rachitha-s-A14,Unknown,Unknown,--
0.0.0.0,B6:F5:A7:5F:F1:24,I2304,Unknown,Unknown,--
0.0.0.0,B6:FA:80:D5:79:A1,Mac,Unknown,Unknown,--
0.0.0.0,B8:1E:A4:36:67:39,Mohith,Unknown,Unknown,--
0.0.0.0,B8:22:4F:29:FC:0E,GoogolEnergy,Unknown,Unknown,--
0.0.0.0,B8:EE:65:7E:9B:37,DESKTOP-4Q85N3T,Unknown,Unknown,--
0.0.0.0,B8:F7:75:78:45:D8,MyBook,Unknown,Unknown,--
0.0.0.0,BA:0D:B0:E1:3C:A7,V2146,Unknown,Unknown,--
0.0.0.0,BA:57:58:21:50:DD,OnePlus-Nord-CE-3-Lite-5G,Unknown,Unknown,--
0.0.0.0,BA:5C:22:4B:49:52,iPhone,Unknown,Unknown,--
0.0.0.0,BA:83:60:69:62:C7,iPhone,Unknown,Unknown,--
0.0.0.0,BA:BC:7F:10:81:C9,iPhone,Unknown,Unknown,--
0.0.0.0,BA:DD:D3:FA:29:98,OnePlus-Nord-CE-2-Lite-5G,Unknown,Unknown,--
0.0.0.0,BA:EB:E0:9A:9E:32,iPad,Unknown,Unknown,--
0.0.0.0,BC:03:58:54:98:D6,MSI,Unknown,Unknown,--
0.0.0.0,BC:03:58:DF:E8:E6,neeraj,Unknown,Unknown,--
0.0.0.0,BC:A8:A6:90:10:C3,DESKTOP-4G8VOI1,Unknown,Unknown,--
0.0.0.0,BC:CD:99:38:26:3D,Vempire,Unknown,Unknown,--
0.0.0.0,BC:F4:D4:A2:45:ED,Krishna-Shiwani,Unknown,Unknown,--
0.0.0.0,BE:0B:15:F4:FC:F8,Manju-A55,Unknown,Unknown,--
0.0.0.0,BE:19:6A:81:AF:4E,Mac,Unknown,Unknown,--
0.0.0.0,BE:87:01:33:D3:42,SK-s-OnePlus,Unknown,Unknown,--
0.0.0.0,BE:A9:6E:2B:44:6D,Swapnil-s-M34,Unknown,Unknown,--
0.0.0.0,BE:C4:C0:D5:FB:F6,_spotify-connect._tcp.local,Unknown,Unknown,--
0.0.0.0,BE:C8:35:8A:4C:43,Hemasai-s-A15,Unknown,Unknown,--
0.0.0.0,BE:E8:51:D3:DD:70,Mac,Unknown,Unknown,--
0.0.0.0,BE:ED:6F:8B:49:29,iPhone,Unknown,Unknown,--
0.0.0.0,BE:FE:A7:32:04:A2,MacBookAir,Unknown,Unknown,--
0.0.0.0,C0:18:03:5A:C0:92,_dosvc._tcp.local,Unknown,Unknown,--
0.0.0.0,C0:35:32:15:07:03,LIKHITH-6605,Unknown,Unknown,--
0.0.0.0,C0:35:32:1C:2A:5F,LAPTOP-PQ932PO0,Unknown,Unknown,--
0.0.0.0,C0:35:32:2E:CB:0D,Thinkbook16,Unknown,Unknown,--
0.0.0.0,C0:35:32:67:40:B7,sparsh,Unknown,Unknown,--
0.0.0.0,C0:35:32:99:8E:A1,LAPTOP-4HAGN46Q,Unknown,Unknown,--
0.0.0.0,C0:35:32:9D:31:47,Swathi,Unknown,Unknown,--
0.0.0.0,C0:47:54:68:94:05,V2101,Unknown,Unknown,--
0.0.0.0,C0:A5:E8:E1:83:40,Shalini,Unknown,Unknown,--
0.0.0.0,C0:B6:F9:C0:57:51,BEAST,Unknown,Unknown,--
0.0.0.0,C0:BF:BE:BE:A2:BE,LUCKY,Unknown,Unknown,--
0.0.0.0,C0:E4:34:C4:30:C7,DESKTOP-02GFJS5,Unknown,Unknown,--
0.0.0.0,C0:E4:34:CB:DA:D7,DESKTOP-F9KMPE1,Unknown,Unknown,--
0.0.0.0,C0:E4:34:D2:77:5D,LAPTOP-BRAC9GJK,Unknown,Unknown,--
0.0.0.0,C2:0C:57:38:A0:E8,OnePlus-11-5G,Unknown,Unknown,--
0.0.0.0,C2:14:17:2E:CC:52,POCO-F6,Unknown,Unknown,--
0.0.0.0,C2:2B:95:3B:BB:50,iPhone,Unknown,Unknown,--
0.0.0.0,C2:4D:E8:56:92:DA,Thrupthi-s-A35,Unknown,Unknown,--
0.0.0.0,C2:59:BD:96:5B:19,V2126,Unknown,Unknown,--
0.0.0.0,C2:6B:01:26:8B:CD,Infinix-GT-20-Pro,Unknown,Unknown,--
0.0.0.0,C2:73:BB:FB:C3:86,Anshuman-s-M53,Unknown,Unknown,--
0.0.0.0,C2:AD:81:45:3A:B7,Mac,Unknown,Unknown,--
0.0.0.0,C2:EA:40:0E:48:4A,Suhas-s-A54,Unknown,Unknown,--
0.0.0.0,C4:0F:08:90:46:8D,Poojitha_G,Unknown,Unknown,--
0.0.0.0,C4:3D:1A:E0:E4:30,LAPTOP-GERBGU3T,Unknown,Unknown,--
0.0.0.0,C4:75:AB:D7:DF:CA,DESKTOP-L8AVN88,Unknown,Unknown,--
0.0.0.0,C6:05:05:4E:62:1B,moto-e13,Unknown,Unknown,--
0.0.0.0,C6:0D:DE:D1:24:F5,iPhone,Unknown,Unknown,--
0.0.0.0,C6:22:44:9C:2F:3E,iPhone,Unknown,Unknown,--
0.0.0.0,C6:25:BE:6D:D4:0D,Varsha-s-S24-FE,Unknown,Unknown,--
0.0.0.0,C6:27:18:DF:15:D0,MacBookPro,Unknown,Unknown,--
0.0.0.0,C6:29:6B:E9:5B:79,Redmi-Note-11-Pro-5G,Unknown,Unknown,--
0.0.0.0,C6:3D:C4:87:8F:97,Mac,Unknown,Unknown,--
0.0.0.0,C6:3F:8E:31:DF:18,I2208,Unknown,Unknown,--
0.0.0.0,C6:43:BE:BE:66:4B,OnePlus-12R,Unknown,Unknown,--
0.0.0.0,C6:76:FA:15:0C:CC,MacBookPro,Unknown,Unknown,--
0.0.0.0,C6:80:EA:D0:97:E3,_raop._tcp.local,Unknown,Unknown,--
0.0.0.0,C6:A0:E4:58:37:A4,POCO-F7-Ultra,Unknown,Unknown,--
0.0.0.0,C6:DC:C6:5A:65:FF,OnePlus-Nord-CE-3-Lite-5G,Unknown,Unknown,--
0.0.0.0,C6:EC:D4:DA:3E:F8,Nothing-Phone-2a,Unknown,Unknown,--
0.0.0.0,C8:2A:DD:83:3B:B2,Pixel-7,Unknown,Unknown,--
0.0.0.0,C8:3D:DC:C8:C0:A8,220.226.16.172.in-addr.arpa,Unknown,Unknown,--
0.0.0.0,C8:5E:A9:D8:7B:2E,Harika,Unknown,Unknown,--
0.0.0.0,C8:6E:08:F9:32:29,LAPTOP-6AJ29FDO,Unknown,Unknown,--
0.0.0.0,C8:89:F3:AD:64:C7,Bindus-MBP,Unknown,Unknown,--
0.0.0.0,C8:94:02:67:17:3B,ManasaPC,Unknown,Unknown,--
0.0.0.0,CA:39:6A:7C:25:2D,iPhone,Unknown,Unknown,--
0.0.0.0,CA:43:32:6F:E6:37,POCO-F7,Unknown,Unknown,--
0.0.0.0,CA:68:86:40:59:F9,Redmi-Note-9-Pro,Unknown,Unknown,--
0.0.0.0,CA:74:F0:EF:35:C8,realme-narzo-N53,Unknown,Unknown,--
0.0.0.0,CA:7A:A3:DE:89:83,Mac,Unknown,Unknown,--
0.0.0.0,CA:7D:82:BD:B6:A6,Pixel-6a,Unknown,Unknown,--
0.0.0.0,CA:A1:69:9C:2B:27,Pixel-6a,Unknown,Unknown,--
0.0.0.0,CA:B1:9E:F7:FF:7E,iPhone,Unknown,Unknown,--
0.0.0.0,CA:E3:A3:92:68:F0,_companion-link._tcp.local,Unknown,Unknown,--
0.0.0.0,CC:08:FA:AA:2D:4E,lb._dns-sd._udp.local,Unknown,Unknown,--
0.0.0.0,CC:15:31:C9:24:2B,DESKTOP-L30DIJ5,Unknown,Unknown,--
0.0.0.0,CC:47:40:5C:C1:00,Manish,Unknown,Unknown,--
0.0.0.0,CC:47:40:B7:48:60,Harshitha-B,Unknown,Unknown,--
0.0.0.0,CC:47:40:CA:24:9C,LAPTOP-NUP05OJ4,Unknown,Unknown,--
0.0.0.0,CC:47:40:D0:72:A0,Tanisha,Unknown,Unknown,--
0.0.0.0,CC:5E:F8:1C:39:C7,athmananda1990,Unknown,Unknown,--
0.0.0.0,CC:6B:1E:57:16:5F,LAPTOP-SF369DJP,Unknown,Unknown,--
0.0.0.0,CC:6B:1E:6C:BF:A9,DESKTOP-NQ3KQAG,Unknown,Unknown,--
0.0.0.0,CC:D9:AC:66:E3:A6,Sharzz,Unknown,Unknown,--
0.0.0.0,CE:0E:D8:C9:AF:9F,_googlecast._tcp.local,Unknown,Unknown,--
0.0.0.0,CE:14:B2:15:39:34,iPhone,Unknown,Unknown,--
0.0.0.0,CE:1C:87:CD:CA:36,OnePlus-Nord-CE4,Unknown,Unknown,--
0.0.0.0,CE:57:49:B2:31:E4,iPhone,Unknown,Unknown,--
0.0.0.0,CE:57:79:46:CB:AE,2109119DI,Unknown,Unknown,--
0.0.0.0,CE:5A:BF:71:AD:85,Pixel-6a,Unknown,Unknown,--
0.0.0.0,CE:6D:39:9A:49:71,iPhone,Unknown,Unknown,--
0.0.0.0,CE:75:0E:83:75:51,V2336,Unknown,Unknown,--
0.0.0.0,CE:7B:01:1A:DF:B9,V2130,Unknown,Unknown,--
0.0.0.0,CE:95:BF:88:B0:5E,NaveenGowda,Unknown,Unknown,--
0.0.0.0,CE:A1:FB:53:9F:13,Mac,Unknown,Unknown,--
0.0.0.0,CE:A6:1B:12:10:EE,iPhone,Unknown,Unknown,--
0.0.0.0,CE:B0:F0:AD:0B:A0,iPad,Unknown,Unknown,--
0.0.0.0,CE:DD:16:16:BD:24,wolfce,Unknown,Unknown,--
0.0.0.0,D0:39:57:1F:69:EF,SAHANA,Unknown,Unknown,--
0.0.0.0,D0:39:57:A9:AD:7F,LAPTOP-S075LPIM,Unknown,Unknown,--
0.0.0.0,D2:02:F9:AF:95:B4,_googlecast._tcp.local,Unknown,Unknown,--
0.0.0.0,D2:05:1B:95:2B:52,MacBookPro,Unknown,Unknown,--
0.0.0.0,D2:0C:A6:09:2E:56,Galaxy-M04,Unknown,Unknown,--
0.0.0.0,D2:39:3A:A1:34:66,OnePlus-10R-5G,Unknown,Unknown,--
0.0.0.0,D2:4E:FB:53:11:45,iPhone,Unknown,Unknown,--
0.0.0.0,D2:53:D5:F9:78:44,POCO-M3,Unknown,Unknown,--
0.0.0.0,D2:5B:84:5B:73:25,_googlecast._tcp.local,Unknown,Unknown,--
0.0.0.0,D2:9A:0B:87:EA:96,iPad,Unknown,Unknown,--
0.0.0.0,D2:B5:89:E2:8D:F5,iPad,Unknown,Unknown,--
0.0.0.0,D2:C7:EA:45:66:D7,OnePlus-Nord-CE3-5G,Unknown,Unknown,--
0.0.0.0,D2:D6:76:F2:E1:9C,_companion-link._tcp.local,Unknown,Unknown,--
0.0.0.0,D2:F3:D3:E4:08:33,Redmi-Note-10T-5G,Unknown,Unknown,--
0.0.0.0,D4:1B:81:B3:BF:D1,LAPTOP-KGUGMGJL,Unknown,Unknown,--
0.0.0.0,D4:57:63:C8:7F:B8,Samrajs-Air,Unknown,Unknown,--
0.0.0.0,D4:6A:6A:AE:27:05,GoogolEnergy,Unknown,Unknown,--
0.0.0.0,D4:AB:61:6F:EE:DD,LAPTOP-COCO8SJC,Unknown,Unknown,--
0.0.0.0,D4:AB:61:D0:E5:08,LAPTOP-QAU7ITTO,Unknown,Unknown,--
0.0.0.0,D4:F3:2D:FB:31:23,LAPTOP-89R1HUL9,Unknown,Unknown,--
0.0.0.0,D6:18:64:EC:9D:08,OnePlus-Nord-CE-2,Unknown,Unknown,--
0.0.0.0,D6:1A:55:4C:95:95,CMF-by-Nothing-Phone-2-Pro,Unknown,Unknown,--
0.0.0.0,D6:63:13:B6:65:54,iPhone,Unknown,Unknown,--
0.0.0.0,D6:7B:AE:8F:69:A5,OnePlus-Nord-3-5G,Unknown,Unknown,--
0.0.0.0,D6:C2:E1:29:03:09,Mac,Unknown,Unknown,--
0.0.0.0,D6:CF:CA:02:1F:A8,OnePlus-Nord-3-5G,Unknown,Unknown,--
0.0.0.0,D6:D9:A8:0D:19:26,iPhone,Unknown,Unknown,--
0.0.0.0,D6:E0:58:FC:67:13,OnePlus-Nord-CE4,Unknown,Unknown,--
0.0.0.0,D8:B0:53:63:73:DF,Redmi-Note-11S,Unknown,Unknown,--
0.0.0.0,D8:B3:2F:42:44:5D,Rosh,Unknown,Unknown,--
0.0.0.0,D8:F3:BC:8D:CA:AB,LAPTOP-DLE652LJ,Unknown,Unknown,--
0.0.0.0,DA:3B:48:9A:90:64,Mac,Unknown,Unknown,--
0.0.0.0,DA:90:86:08:AA:82,1.0.16.172.in-addr.arpa,Unknown,Unknown,--
0.0.0.0,DA:9A:5C:08:16:D6,motorola-edge-60-stylus,Unknown,Unknown,--
0.0.0.0,DA:A2:13:F7:E5:30,Mac,Unknown,Unknown,--
0.0.0.0,DA:B9:B3:C7:DD:17,iPhone,Unknown,Unknown,--
0.0.0.0,DA:D7:06:D8:D0:75,Pixel-4a,Unknown,Unknown,--
0.0.0.0,DA:D9:F9:AF:2D:1F,moto-g34-5G,Unknown,Unknown,--
0.0.0.0,DC:41:A9:F4:FB:C8,LAPTOP-4K6L3D81,Unknown,Unknown,--
0.0.0.0,DC:45:46:F8:59:1C,LAPTOP-0PVHSQNN,Unknown,Unknown,--
0.0.0.0,DC:45:46:F8:A8:8B,LH - 7._googlecast._tcp.local,Unknown,Unknown,--
0.0.0.0,DC:46:28:1A:3B:B9,_dosvc._tcp.local,Unknown,Unknown,--
0.0.0.0,DC:46:28:1B:01:CF,LH - 7._googlecast._tcp.local,Unknown,Unknown,--
0.0.0.0,DC:46:28:90:34:2C,Shreyas2004,Unknown,Unknown,--
0.0.0.0,DC:46:28:A5:5C:DF,Dannyy_world.local,Unknown,Unknown,--
0.0.0.0,DC:4B:A1:0C:04:B2,laptop,Unknown,Unknown,--
0.0.0.0,DC:4B:A1:20:D2:98,Aadit,Unknown,Unknown,--
0.0.0.0,DC:56:7B:04:19:2D,DESKTOP-3M1R421,Unknown,Unknown,--
0.0.0.0,DC:56:7B:14:75:A7,LAPTOP-46AK9E7C,Unknown,Unknown,--
0.0.0.0,DC:97:BA:17:16:E1,Katys-dirty-sister,Unknown,Unknown,--
0.0.0.0,DC:97:BA:21:4F:BC,DESKTOP-CCKUJMB,Unknown,Unknown,--
0.0.0.0,DC:97:BA:9D:39:56,Tuhin_Banerjee,Unknown,Unknown,--
0.0.0.0,DC:E9:94:32:AD:D5,DESKTOP-EEJ8MVC,Unknown,Unknown,--
0.0.0.0,DC:E9:94:68:6C:BB,DESKTOP-PC245H3,Unknown,Unknown,--
0.0.0.0,DC:F5:05:1D:14:45,DESKTOP-DT789DO,Unknown,Unknown,--
0.0.0.0,DE:0E:19:A7:2E:A6,Mac,Unknown,Unknown,--
0.0.0.0,DE:33:EF:1D:6E:39,iPhone,Unknown,Unknown,--
0.0.0.0,DE:34:33:F6:DF:17,realme-12-5G,Unknown,Unknown,--
0.0.0.0,DE:42:58:EE:28:CA,MacBookAir,Unknown,Unknown,--
0.0.0.0,DE:8A:07:D8:59:0A,Mac,Unknown,Unknown,--
0.0.0.0,DE:8E:DB:8E:6F:27,I2302,Unknown,Unknown,--
0.0.0.0,DE:FA:7A:98:BE:E9,iPhone,Unknown,Unknown,--
0.0.0.0,DE:FD:DC:92:E3:3F,_companion-link._tcp.local,Unknown,Unknown,--
0.0.0.0,E0:0A:F6:68:8D:21,Phantom7,Unknown,Unknown,--
0.0.0.0,E0:0A:F6:68:8D:D9,Phantom7,Unknown,Unknown,--
0.0.0.0,E0:2E:0B:21:8A:9A,MSI,Unknown,Unknown,--
0.0.0.0,E0:70:EA:CE:EA:35,HP Color LaserJet MFP M183fw (7BD853)._pdl-datastream._tcp.local,Unknown,Unknown,--
0.0.0.0,E0:70:EA:CE:EA:49,DESKTOP-0ALDNVR.local,Unknown,Unknown,--
0.0.0.0,E0:70:EA:CE:EA:83,_dosvc._tcp.local,Unknown,Unknown,--
0.0.0.0,E0:8F:4C:A6:FB:E4,Mohith_D,Unknown,Unknown,--
0.0.0.0,E0:CC:F8:4D:A4:A0,Redmi-Note-8,Unknown,Unknown,--
0.0.0.0,E0:D0:45:91:6F:B3,Jefin-Joseph-J,Unknown,Unknown,--
0.0.0.0,E0:D0:45:92:92:A8,KirusG15,Unknown,Unknown,--
0.0.0.0,E2:07:B7:08:29:FD,V2502,Unknown,Unknown,--
0.0.0.0,E2:2D:9F:4A:6B:5E,iPhone,Unknown,Unknown,--
0.0.0.0,E2:3B:44:3E:13:CD,realme-12-Pro-5G,Unknown,Unknown,--
0.0.0.0,E2:42:F7:DD:DF:FC,Sushrith-s-S24-Ultra,Unknown,Unknown,--
0.0.0.0,E2:70:C2:B5:3A:C6,iPhone,Unknown,Unknown,--
0.0.0.0,E2:8D:18:EB:56:4E,Galaxy-M36-5G,Unknown,Unknown,--
0.0.0.0,E2:8E:A1:6E:22:08,Mac,Unknown,Unknown,--
0.0.0.0,E2:B3:AB:B8:3D:1F,POCO-X4-Pro-5G,Unknown,Unknown,--
0.0.0.0,E4:0D:36:9E:92:33,WIN-NFKJF03VQB5,Unknown,Unknown,--
0.0.0.0,E4:60:17:89:26:FF,DESKTOP-3LFKHBM,Unknown,Unknown,--
0.0.0.0,E4:A4:71:82:43:44,DESKTOP-5DQNO1H,Unknown,Unknown,--
0.0.0.0,E4:A4:71:8A:14:52,DESKTOP-19S4BF5,Unknown,Unknown,--
0.0.0.0,E4:A8:DF:9D:ED:53,DESKTOP-81T57RI.local,Unknown,Unknown,--
0.0.0.0,E4:A8:DF:9E:13:16,_dosvc._tcp.local,Unknown,Unknown,--
0.0.0.0,E4:A8:DF:9E:15:01,LH - 7._googlecast._tcp.local,Unknown,Unknown,--
0.0.0.0,E4:A8:DF:9E:8B:F1,_googlecast._tcp.local,Unknown,Unknown,--
0.0.0.0,E4:C7:67:68:CD:4C,idkman,Unknown,Unknown,--
0.0.0.0,E6:1A:AA:5B:DC:D6,Nothing-Phone-3a,Unknown,Unknown,--
0.0.0.0,E6:23:63:C9:06:5B,Nothing-Phone-3a,Unknown,Unknown,--
0.0.0.0,E6:26:26:ED:03:E6,iPhone,Unknown,Unknown,--
0.0.0.0,E6:45:FE:E9:E1:2D,MacBookAir,Unknown,Unknown,--
0.0.0.0,E6:62:1B:1B:8B:F5,MacBookAir,Unknown,Unknown,--
0.0.0.0,E6:8D:95:8F:32:01,V2037,Unknown,Unknown,--
0.0.0.0,E6:98:6A:92:D8:1F,V2311,Unknown,Unknown,--
0.0.0.0,E6:9E:FF:40:91:BC,V2432,Unknown,Unknown,--
0.0.0.0,E6:D7:0A:21:9A:E6,1.0.16.172.in-addr.arpa,Unknown,Unknown,--
0.0.0.0,E6:E9:AA:D4:59:98,Redmi-Note-10T-5G,Unknown,Unknown,--
0.0.0.0,E6:F8:B6:9F:36:6F,I2403,Unknown,Unknown,--
0.0.0.0,E8:5A:8B:72:29:77,Redmi-Note-8-Pro,Unknown,Unknown,--
0.0.0.0,E8:65:38:1F:A3:A5,DESKTOP-6Q61NCT,Unknown,Unknown,--
0.0.0.0,E8:65:38:3E:C3:C9,DESKTOP-TCRONG7,Unknown,Unknown,--
0.0.0.0,E8:65:38:C7:0B:DD,rvu-OptiPlex-SFF-Plus-7010,Unknown,Unknown,--
0.0.0.0,E8:65:38:C7:1B:E7,DESKTOP-OG8V2UB,Unknown,Unknown,--
0.0.0.0,E8:65:38:C7:1E:65,rvu-OptiPlex-SFF-7020,Unknown,Unknown,--
0.0.0.0,E8:65:38:C7:1E:6F,DESKTOP-D5DRT1S,Unknown,Unknown,--
0.0.0.0,E8:65:38:C7:1E:95,rvu-OptiPlex-SFF-Plus-7010,Unknown,Unknown,--
0.0.0.0,E8:65:38:C7:1E:97,rvu-OptiPlex-SFF-Plus-7010,Unknown,Unknown,--
0.0.0.0,E8:65:38:C7:27:55,rvu-OptiPlex-SFF-7020,Unknown,Unknown,--
0.0.0.0,E8:65:38:C7:2F:33,rvu-OptiPlex-SFF-Plus-7010,Unknown,Unknown,--
0.0.0.0,E8:65:38:D4:15:23,rvu,Unknown,Unknown,--
0.0.0.0,E8:65:38:D4:1B:DD,rvu-OptiPlex-SFF-Plus-7010,Unknown,Unknown,--
0.0.0.0,E8:FB:1C:78:1B:D3,DESKTOP-3RQVO1H,Unknown,Unknown,--
0.0.0.0,E8:FB:1C:C7:B5:6B,Sanjana-s,Unknown,Unknown,--
0.0.0.0,EA:42:27:D4:3B:2A,iPhone,Unknown,Unknown,--
0.0.0.0,EA:72:C2:C3:6C:9C,MacBookAir,Unknown,Unknown,--
0.0.0.0,EA:8B:D6:31:17:EA,CHARUMATHI’s MacBook Air._companion-link._tcp.local,Unknown,Unknown,--
0.0.0.0,EA:A0:57:C5:1C:B8,Mac,Unknown,Unknown,--
0.0.0.0,EA:D1:24:FB:58:73,hari-s-M14,Unknown,Unknown,--
0.0.0.0,EA:D8:01:87:BB:A7,iPhone,Unknown,Unknown,--
0.0.0.0,EA:DB:92:CD:F0:7C,OnePlus-10R-5G,Unknown,Unknown,--
0.0.0.0,EA:EB:B3:D6:51:B0,M2010J19CI,Unknown,Unknown,--
0.0.0.0,EA:F1:8D:0E:79:73,V2339,Unknown,Unknown,--
0.0.0.0,EC:2E:98:F6:3E:FD,Sukhith,Unknown,Unknown,--
0.0.0.0,EC:5C:68:69:E4:A5,LAPTOP-43JMCBAV,Unknown,Unknown,--
0.0.0.0,EC:91:61:73:30:C7,DESKTOP-6VPE5TH,Unknown,Unknown,--
0.0.0.0,EE:71:40:84:C7:F9,Redmi-Note-10-Pro,Unknown,Unknown,--
0.0.0.0,EE:73:CD:A0:5F:87,I2407,Unknown,Unknown,--
0.0.0.0,EE:A7:C6:38:06:C5,iPhone,Unknown,Unknown,--
0.0.0.0,EE:A8:A1:41:AF:88,Redmi-Note-12-Pro-5G,Unknown,Unknown,--
0.0.0.0,EE:B3:3B:BC:F4:BE,MacBookAir,Unknown,Unknown,--
0.0.0.0,EE:DA:F8:C1:6E:68,V2443,Unknown,Unknown,--
0.0.0.0,EE:F4:53:E3:71:CA,Redmi-Note-11S,Unknown,Unknown,--
0.0.0.0,F0:67:28:30:94:67,OPPO-A31,Unknown,Unknown,--
0.0.0.0,F0:6E:0B:D1:B6:F8,DESKTOP-DQ4GP2D,Unknown,Unknown,--
0.0.0.0,F0:D4:15:E6:61:26,Manjunath,Unknown,Unknown,--
0.0.0.0,F2:39:77:F9:DE:F3,_companion-link._tcp.local,Unknown,Unknown,--
0.0.0.0,F2:39:CF:58:F9:D5,iPhone,Unknown,Unknown,--
0.0.0.0,F2:47:86:CE:CD:C2,iPhone,Unknown,Unknown,--
0.0.0.0,F2:76:F4:97:9E:02,_googlecast._tcp.local,Unknown,Unknown,--
0.0.0.0,F2:87:15:9A:A0:C6,vivo-1935,Unknown,Unknown,--
0.0.0.0,F2:90:54:6B:28:E7,iPhone,Unknown,Unknown,--
0.0.0.0,F2:AD:AE:5C:26:99,iPhone,Unknown,Unknown,--
0.0.0.0,F2:E0:B7:92:A1:4D,Mac,Unknown,Unknown,--
0.0.0.0,F2:EA:4E:17:0E:2A,Nothing-phone-1,Unknown,Unknown,--
0.0.0.0,F2:F8:59:CA:E0:47,MacBookPro,Unknown,Unknown,--
0.0.0.0,F4:06:69:A4:C2:39,DESKTOP-DQF7VLR,Unknown,Unknown,--
0.0.0.0,F4:26:79:FD:56:AB,SumansLaptop,Unknown,Unknown,--
0.0.0.0,F4:4E:E3:98:60:39,santhosh,Unknown,Unknown,--
0.0.0.0,F4:6D:3F:27:97:F5,LAPTOP-4VC56MPG,Unknown,Unknown,--
0.0.0.0,F4:C8:8A:A7:7E:E8,Manya,Unknown,Unknown,--
0.0.0.0,F6:04:0F:76:7A:B8,_rdlink._tcp.local,Unknown,Unknown,--
0.0.0.0,F6:08:A2:FC:07:32,Pixel-8a,Unknown,Unknown,--
0.0.0.0,F6:0C:B2:BA:0B:4A,Redmi-13C-5G,Unknown,Unknown,--
0.0.0.0,F6:12:0B:37:97:C8,Adya-s-S21-FE,Unknown,Unknown,--
0.0.0.0,F6:3E:D5:2F:BF:0E,Mac,Unknown,Unknown,--
0.0.0.0,F6:44:1E:AA:17:D9,Akankshh-s-S21-FE,Unknown,Unknown,--
0.0.0.0,F6:6E:C3:37:AB:87,moto-g96-5G,Unknown,Unknown,--
0.0.0.0,F6:81:B2:2B:E3:32,iPhone,Unknown,Unknown,--
0.0.0.0,F6:9B:EF:E6:1D:8E,Pixel-7a,Unknown,Unknown,--
0.0.0.0,F6:A8:BC:76:35:CE,V2055,Unknown,Unknown,--
0.0.0.0,F8:3D:C6:45:4D:72,AbhayHavanur,Unknown,Unknown,--
0.0.0.0,F8:3D:C6:72:38:C4,LAPTOP-11IVAFIF,Unknown,Unknown,--
0.0.0.0,F8:3D:C6:74:17:E8,LAPTOP-TES27MNQ,Unknown,Unknown,--
0.0.0.0,F8:3D:C6:AC:76:8E,LAPTOP-K51A7RJ6,Unknown,Unknown,--
0.0.0.0,F8:3D:C6:D5:73:66,LAPTOP-DI35NA3A,Unknown,Unknown,--
0.0.0.0,F8:54:F6:20:FF:2D,DESKTOP-MU6KDMD,Unknown,Unknown,--
0.0.0.0,F8:54:F6:46:E3:28,LAPTOP-4I6MIQQF,Unknown,Unknown,--
0.0.0.0,F8:94:C2:BB:BA:0C,LAPTOP-87C7VVHN,Unknown,Unknown,--
0.0.0.0,F8:FE:5E:40:50:15,DESKTOP-I5KGFDE,Unknown,Unknown,--
0.0.0.0,F8:FE:5E:84:A4:72,HP LaserJet Pro MFP M226dw (B2C7B1)._ipps._tcp.local,Unknown,Unknown,--
0.0.0.0,FA:13:F8:46:EC:6B,OnePlus-Nord-CE5,Unknown,Unknown,--
0.0.0.0,FA:25:A9:A5:2F:F0,iPhone,Unknown,Unknown,--
0.0.0.0,FA:2E:68:4D:5B:F1,iPhone,Unknown,Unknown,--
0.0.0.0,FA:42:21:AC:8D:5B,Mac,Unknown,Unknown,--
0.0.0.0,FA:6E:85:12:82:78,_companion-link._tcp.local,Unknown,Unknown,--
0.0.0.0,FA:6F:33:B0:F8:DA,_googlecast._tcp.local,Unknown,Unknown,--
0.0.0.0,FA:82:00:E1:AF:49,OnePlus-11R-5G,Unknown,Unknown,--
0.0.0.0,FA:8F:D5:06:A5:11,Pixel-6a,Unknown,Unknown,--
0.0.0.0,FA:99:31:ED:73:9E,Galaxy-A16-5G,Unknown,Unknown,--
0.0.0.0,FA:AF:9C:A2:77:BC,Galaxy-M13,Unknown,Unknown,--
0.0.0.0,FA:D6:51:F8:4B:77,Hitesh-s-Note20-Ultra,Unknown,Unknown,--
0.0.0.0,FC:6D:77:05:3B:8D,RVU-PC-010,Unknown,Unknown,--
0.0.0.0,FC:6D:77:09:51:5F,Pavan-balasubramanyam,Unknown,Unknown,--
0.0.0.0,FE:13:34:87:FA:B4,V2309,Unknown,Unknown,--
0.0.0.0,FE:2B:4D:F2:63:AF,Mac,Unknown,Unknown,--
0.0.0.0,FE:54:88:E7:06:2D,Nothing-phone-1,Unknown,Unknown,--
0.0.0.0,FE:6B:00:83:4C:40,iPhone,Unknown,Unknown,--
0.0.0.0,FE:6C:F8:F8:55:5E,Pixel-8a,Unknown,Unknown,--
0.0.0.0,FE:83:57:C2:2F:C7,Mac,Unknown,Unknown,--
0.0.0.0,FE:8C:F1:DE:B3:22,V2416,Unknown,Unknown,--
0.0.0.0,FE:8D:FA:62:48:26,iPhone,Unknown,Unknown,--
0.0.0.0,FE:9B:D8:03:CA:61,iPad,Unknown,Unknown,--
0.0.0.0,FE:9E:72:82:C6:20,Mac,Unknown,Unknown,--
0.0.0.0,FE:A8:B6:5A:B5:6E,iPhone,Unknown,Unknown,--
0.0.0.0,FE:B7:11:43:74:B8,MacBookAir,Unknown,Unknown,--
169.254.10.18,14:13:33:C5:93:0D,Sudeep.local,Unknown,Unknown,--
169.254.32.197,40:C2:BA:BE:57:B2,RVU-PC-015._dosvc._tcp.local,Unknown,Unknown,--
169.254.99.190,CC:28:AA:8D:43:3D,_dosvc._tcp.local,Unknown,Unknown,--
169.254.144.231,4C:D7:17:92:39:13,_dosvc._tcp.local,Unknown,Unknown,--
169.254.149.91,4C:D7:17:84:1A:2B,DESKTOP-IREP9BT._dosvc._tcp.local,Unknown,Unknown,--
169.254.160.1,00:BE:43:DD:40:D6,_googlecast._tcp.local,Unknown,Unknown,--
169.254.224.101,00:E0:4D:02:CF:20,_dosvc._tcp.local,Unknown,Unknown,--
172.16.0.209,80:E8:2C:EE:75:3C,_sftp-ssh._tcp.local,Unknown,Unknown,--
172.16.1.11,E4:A8:DF:9E:78:DF,_dosvc._tcp.local,Unknown,Unknown,--
172.16.2.103,EC:74:D7:54:7A:89,_sftp-ssh._tcp.local,Unknown,Unknown,--
172.16.2.105,EC:74:D7:54:79:3C,cti_disabled:0_0_0_0:345:172_16_2_105:EC:74:D7:54:79:3C._sftp-ssh._tcp.local,Unknown,Unknown,--
172.16.2.111,EC:74:D7:54:7B:76,_sftp-ssh._tcp.local,Unknown,Unknown,--
172.16.2.112,EC:74:D7:54:79:43,_sftp-ssh._tcp.local,Unknown,Unknown,--
172.16.11.100,00:20:6B:3C:B6:1E,KONICAMINOLTA-bizhub-287-3C-B6-1E._ipp._tcp.local,Unknown,Unknown,--
172.16.11.102,00:20:6B:05:28:84,KONICAMINOLTA-bizhub-287-05-28-84._ipp._tcp.local,Unknown,Unknown,--
172.16.11.110,E8:D8:D1:B2:C7:B1,HP LaserJet Pro MFP M226dw (B2C7B1)._ipp._tcp.local,Unknown,Unknown,--
172.16.11.115,C0:18:03:AF:E9:90,HP LaserJet MFP M72630dn (NPIAFE990)._pdl-datastream._tcp.local,Unknown,Unknown,--
172.16.11.116,7C:4D:8F:6F:99:65,HP LaserJet MFP M72630dn (NPI6F9965)._ipp._tcp.local,Unknown,Unknown,--
172.16.11.117,C0:18:03:A9:C4:6E,HP LaserJet MFP M72630dn (NPIA9C46E)._ipp._tcp.local,Unknown,Unknown,--
172.16.11.118,7C:4D:8F:6E:EA:71,_ipp._tcp.local,Unknown,Unknown,--
172.16.11.119,7C:4D:8F:6E:EA:EE,HP LaserJet MFP M72630dn (NPI6EEAEE)._pdl-datastream._tcp.local,Unknown,Unknown,--
172.16.11.120,30:13:8B:F7:81:1A,NPIF7811A.local,Unknown,Unknown,--
172.16.12.40,EC:74:D7:54:79:48,_sftp-ssh._tcp.local,Unknown,Unknown,--
172.16.13.12,CC:1B:5A:21:8E:80,_communicator._tcp.local,Unknown,Unknown,--
172.16.14.2,04:32:01:9C:D4:2C,HP Color LaserJet MFP M183fw (7BD853)._ipp._tcp.local,Unknown,Unknown,--
172.16.16.213,24:B1:05:6F:8A:20,213.16.16.172.in-addr.arpa,Unknown,Unknown,--
172.16.30.142,E0:70:EA:CE:EA:00,wpad.local,Unknown,Unknown,--
172.16.32.51,E4:A8:DF:EE:9F:E0,LH - 7._googlecast._tcp.local,Unknown,Unknown,--
172.16.37.71,B4:AD:A3:43:AD:15,wpad.local,Unknown,Unknown,--
172.16.40.123,E0:73:E7:7B:D8:53,HP Color LaserJet MFP M183fw (7BD853)._scanner._tcp.local,Unknown,Unknown,--
172.16.43.167,4C:D7:17:82:6F:41,HP LaserJet MFP M72630dn (NPI6EEA71)._ipp._tcp.local,Unknown,Unknown,--
172.16.43.176,4C:D7:17:84:18:7C,rvu-OptiPlex-SFF-7028.local,Unknown,Unknown,--
172.16.48.70,4C:D7:17:84:21:CA,KONICAMINOLTA-bizhub-287-3C-B6-1E._ipp._tcp.local,Unknown,Unknown,--
172.16.52.130,4C:D7:17:82:42:72,rvu-OptiPlex-SFF-7023.local,Unknown,Unknown,--
172.16.54.101,4C:D7:17:84:19:01,rvu-OptiPlex-SFF-Plus-7011.local,Unknown,Unknown,--
172.16.63.230,4C:D7:17:92:5D:CA,rvu-OptiPlex-SFF-7021.local,Unknown,Unknown,--
172.16.67.126,04:9D:05:32:06:47,_uscans._tcp.local,Unknown,Unknown,--
172.16.71.34,5C:52:30:A2:48:8F,_raop._tcp.local,Unknown,Unknown,--
172.16.74.20,04:7C:16:5D:B3:38,_dosvc._tcp.local,Unknown,Unknown,--
172.16.82.152,80:38:FB:43:8A:5A,_dosvc._tcp.local,Unknown,Unknown,--
172.16.84.94,4C:D7:17:82:73:DB,_nmea-0183._tcp.local,Unknown,Unknown,--
172.16.84.249,80:38:FB:42:1A:17,LH - 7._googlecast._tcp.local,Unknown,Unknown,--
172.16.91.68,24:FB:E3:16:2C:D4,HP Smart Tank 790 series [162CD4]._ipp._tcp.local,Unknown,Unknown,--
172.16.93.82,80:38:FB:45:1F:E1,_googlecast._tcp.local,Unknown,Unknown,--
172.16.94.195,4C:D7:17:84:20:2C,rvu-OptiPlex-SFF-7020.local,Unknown,Unknown,--
172.16.96.98,4C:D7:17:84:1B:13,rvu-OptiPlex-SFF-Plus-7012.local,Unknown,Unknown,--
172.16.97.41,4C:D7:17:84:20:FF,rvu-OptiPlex-SFF-Plus-7013.local,Unknown,Unknown,--
172.16.99.17,E0:70:EA:CE:EA:82,_microsoft_mcc._tcp.local,Unknown,Unknown,--
172.16.110.27,3C:A6:F6:B0:40:06,_airplay._tcp.local,Unknown,Unknown,--
172.16.131.93,BC:FA:B8:D4:29:D1,LH - 7._googlecast._tcp.local,Unknown,Unknown,--
172.16.140.17,10:B6:76:4A:49:59,_ipps._tcp.local,Unknown,Unknown,--
172.16.156.142,5C:52:30:9D:FF:D2,lb._dns-sd._udp.local,Unknown,Unknown,--
172.16.168.180,04:7C:16:63:B0:7F,_dosvc._tcp.local,Unknown,Unknown,--
172.16.183.146,E4:A8:DF:9E:16:E3,_dosvc._tcp.local,Unknown,Unknown,--
172.16.186.118,4C:D7:17:82:6D:2C,_dosvc._tcp.local,Unknown,Unknown,--
172.16.196.48,6C:94:66:7C:42:82,LAPTOP-CNQG11EQ,Unknown,Unknown,--
172.16.199.155,4C:D7:17:92:65:82,rvu-OptiPlex-SFF-7024.local,Unknown,Unknown,--
172.16.206.3,60:FF:9E:EE:DA:0C,Vishal,Unknown,Unknown,--
172.16.206.12,1C:1D:D3:DC:B6:6B,_companion-link._tcp.local,Unknown,Unknown,--
172.16.207.37,4C:D7:17:84:20:EB,_ipp._tcp.local,Unknown,Unknown,--
172.16.211.5,80:38:FB:45:89:E5,_dosvc._tcp.local,Unknown,Unknown,--
172.16.211.114,9C:7B:EF:4E:9F:36,_microsoft_mcc._tcp.local,Unknown,Unknown,--
172.16.213.17,04:9D:05:2D:83:5D,lb._dns-sd._udp.local,Unknown,Unknown,--
172.16.216.67,4C:D7:17:84:09:7E,rvu-OptiPlex-SFF-Plus-7010.local,Unknown,Unknown,--
172.16.220.229,04:7C:16:63:AD:DF,RVUWK006._dosvc._tcp.local,Unknown,Unknown,--
172.16.222.186,D8:F2:CA:DF:60:6A,_spotify-connect._tcp.local,Unknown,Unknown,--
172.16.223.40,4C:D7:17:92:66:5F,HP LaserJet MFP M72630dn (NPI6EEAEE)._ipp._tcp.local,Unknown,Unknown,--
172.16.226.22,F2:F5:2E:3D:20:FC,_FC9F5ED42C8A._tcp.local,Unknown,Unknown,--
172.16.226.36,34:CF:F6:8E:C1:4B,_spotify-connect._tcp.local,Unknown,Unknown,--
172.16.226.73,10:B5:88:71:C3:EC,_airplay._tcp.local,Unknown,Unknown,--
172.16.226.79,9E:CE:5D:22:01:37,_kdeconnect._udp.local,Unknown,Unknown,--
172.16.226.89,12:38:AF:49:AA:95,_companion-link._tcp.local,Unknown,Unknown,--
172.16.226.90,28:CD:C4:32:C6:77,_dosvc._tcp.local,Unknown,Unknown,--
172.16.226.96,FC:6D:77:05:3B:92,RVU-PC-015._dosvc._tcp.local,Unknown,Unknown,--
172.16.226.110,74:A6:CD:A8:F6:08,_printer._tcp.local,Unknown,Unknown,--
172.16.226.117,A6:4B:7A:5A:54:75,Aditya’s MacBook Air (5)._airplay._tcp.local,Unknown,Unknown,--
172.16.226.118,DC:46:28:1C:D8:2E,LH - 7._googlecast._tcp.local,Unknown,Unknown,--
172.16.226.128,2A:5D:7C:46:4F:63,_companion-link._tcp.local,Unknown,Unknown,--
172.16.226.134,14:5A:FC:68:9B:99,LAPTOP-FT3ADRRN._dosvc._tcp.local,Unknown,Unknown,--
172.16.226.135,8E:79:A0:EE:47:33,_googlecast._tcp.local,Unknown,Unknown,--
172.16.226.141,16:4F:8D:D5:24:91,Vasanth’s MacBook Air._airplay._tcp.local,Unknown,Unknown,--
172.16.226.153,5A:3E:A7:DE:15:58,_ipp._tcp.local,Unknown,Unknown,--
172.16.226.196,52:0E:D7:4B:3E:C1,_rdlink._tcp.local,Unknown,Unknown,--
172.16.226.237,E4:A8:DF:9E:16:C1,RVUPC129._dosvc._tcp.local,Unknown,Unknown,--
172.16.226.239,4E:FD:EA:D6:0F:02,_companion-link._tcp.local,Unknown,Unknown,--
172.16.226.245,32:96:82:23:8B:08,_rdlink._tcp.local,Unknown,Unknown,--
172.16.226.247,DA:07:28:CD:1E:53,_companion-link._tcp.local,Unknown,Unknown,--
172.16.227.17,AE:C1:EC:FC:D1:FA,_companion-link._tcp.local,Unknown,Unknown,--
172.16.227.18,FA:D6:79:FD:26:CF,Arun’s MacBook Air._companion-link._tcp.local,Unknown,Unknown,--
172.16.227.40,E2:13:92:DA:E2:75,_googlecast._tcp.local,Unknown,Unknown,--
172.16.227.59,BA:6A:B7:D9:DF:4C,adb-45d16295._adb._tcp.local,Unknown,Unknown,--
172.16.227.71,BA:E9:BF:C6:52:3A,_googlecast._tcp.local,Unknown,Unknown,--
172.16.227.74,FC:6D:77:05:3C:6E,RVU-PC-004._dosvc._tcp.local,Unknown,Unknown,--
172.16.227.79,AC:1E:9E:7A:20:B2,"{""nm"":""Redmi Note 11 Pro+ 5G"",""as"":""[8194]"",""ip"":""79""}._mi-connect._udp.local",Unknown,Unknown,--
172.16.227.80,2E:F5:84:EE:1F:62,80.227.16.172.in-addr.arpa,Unknown,Unknown,--
172.16.227.112,DC:46:28:1C:D8:56,LH - 7._googlecast._tcp.local,Unknown,Unknown,--
172.16.227.115,70:BB:E9:42:3B:38,115.227.16.172.in-addr.arpa,Unknown,Unknown,--
172.16.227.138,4A:86:48:AC:01:A6,_companion-link._tcp.local,Unknown,Unknown,--
172.16.227.164,28:CD:C4:32:C7:0B,RVUPC001._dosvc._tcp.local,Unknown,Unknown,--
172.16.227.166,66:19:1D:B9:62:60,_rdlink._tcp.local,Unknown,Unknown,--
172.16.227.178,FA:55:A3:BB:DD:81,_rdlink._tcp.local,Unknown,Unknown,--
172.16.227.253,DA:B5:6B:CC:BA:62,_printer._tcp.local,Unknown,Unknown,--
172.16.227.254,6E:3B:B6:7B:34:26,_smb._tcp.local,Unknown,Unknown,--
172.16.228.5,24:FB:E3:16:6C:49,HP Smart Tank 790 series [166C48]._ipp._tcp.local,Unknown,Unknown,--
172.16.228.13,40:C2:BA:BE:57:93,RVU-PC-002._dosvc._tcp.local,Unknown,Unknown,--
172.16.228.22,9A:97:59:E9:F4:3F,_rdlink._tcp.local,Unknown,Unknown,--
172.16.228.32,C2:FA:70:51:C6:B6,_rdlink._tcp.local,Unknown,Unknown,--
172.16.228.39,00:41:0E:96:73:A9,_dosvc._tcp.local,Unknown,Unknown,--
172.16.228.52,7E:38:5B:21:C5:4A,Kanika-s-S20-FE,Unknown,Unknown,--
172.16.228.56,56:9C:C0:A6:2C:F8,_companion-link._tcp.local,Unknown,Unknown,--
172.16.228.59,C2:1B:9E:D7:E3:21,_rdlink._tcp.local,Unknown,Unknown,--
172.16.228.86,8A:15:86:FF:82:40,_rdlink._tcp.local,Unknown,Unknown,--
172.16.228.90,1E:0E:74:1D:53:26,_FC9F5ED42C8A._tcp.local,Unknown,Unknown,--
172.16.228.93,C6:21:4B:B6:FB:97,_companion-link._tcp.local,Unknown,Unknown,--
172.16.228.97,E6:28:F4:84:94:3F,_remotepairing._tcp.local,Unknown,Unknown,--
172.16.228.105,5E:10:C7:4E:AE:B3,_googlecast._tcp.local,Unknown,Unknown,--
172.16.228.128,EE:B1:21:91:64:47,_companion-link._tcp.local,Unknown,Unknown,--
172.16.228.133,94:BB:43:3E:56:7E,LAPTOP-RM2EHHIH,Unknown,Unknown,--
172.16.228.145,E0:70:EA:CE:EA:8D,_dosvc._tcp.local,Unknown,Unknown,--
172.16.228.160,5A:3E:AB:58:6D:69,_companion-link._tcp.local,Unknown,Unknown,--
172.16.228.168,A8:41:F4:E9:9E:61,Ashai,Unknown,Unknown,--
172.16.228.231,2A:4A:D4:73:A6:44,_rdlink._tcp.local,Unknown,Unknown,--
172.16.228.248,4C:D5:77:AE:5D:B7,_dosvc._tcp.local,Unknown,Unknown,--
172.16.229.13,EC:63:D7:BE:5D:F7,_dosvc._tcp.local,Unknown,Unknown,--
172.16.229.20,DC:46:28:1A:11:7A,_dosvc._tcp.local,Unknown,Unknown,--
172.16.229.33,CC:47:40:EB:A0:6B,_dosvc._tcp.local,Unknown,Unknown,--
172.16.229.50,4C:D7:17:92:5D:FF,DESKTOP-H5DBEDM._dosvc._tcp.local,Unknown,Unknown,--
172.16.229.51,14:7D:DA:9F:BE:FD,Debarghya’s MacBook Pro._device-info._tcp.local,Unknown,Unknown,--
172.16.229.57,40:C2:BA:BE:58:46,RVU-PC-09._dosvc._tcp.local,Unknown,Unknown,--
172.16.229.61,72:02:9B:F8:7E:70,61.229.16.172.in-addr.arpa,Unknown,Unknown,--
172.16.229.87,C6:39:82:A1:4A:0E,E.0.A.4.1.A.E.F.F.F.2.8.9.3.4.C.0.0.0.0.0.0.0.0.0.0.0.0.0.8.E.F.ip6.arpa,Unknown,Unknown,--
172.16.229.88,C4:75:AB:D7:19:0A,_dosvc._tcp.local,Unknown,Unknown,--
172.16.229.94,2E:7D:DA:C2:51:4B,_FC9F5ED42C8A._tcp.local,Unknown,Unknown,--
172.16.229.101,4C:D5:77:B0:64:9B,_dosvc._tcp.local,Unknown,Unknown,--
172.16.229.133,38:D5:7A:1F:AC:35,_dosvc._tcp.local,Unknown,Unknown,--
172.16.229.199,C0:18:03:5A:C1:12,DESKTOP-7LM2SDR._dosvc._tcp.local,Unknown,Unknown,--
172.16.229.218,38:D5:7A:21:58:D9,_dosvc._tcp.local,Unknown,Unknown,--
172.16.229.235,C0:18:03:5A:BE:F9,_dosvc._tcp.local,Unknown,Unknown,--
172.16.229.253,12:BE:57:1A:71:5B,_companion-link._tcp.local,Unknown,Unknown,--
172.16.230.28,32:1E:1B:F2:8F:30,CMF-by-Nothing-Phone-1,Unknown,Unknown,--
172.16.230.36,5A:EA:6E:B9:BD:A9,_spotify-connect._tcp.local,Unknown,Unknown,--
172.16.230.61,3A:AA:C1:B7:5C:1E,_googlecast._tcp.local,Unknown,Unknown,--
172.16.230.67,80:38:FB:46:F9:BA,RVUPC094._dosvc._tcp.local,Unknown,Unknown,--
172.16.230.74,50:13:1D:4D:B6:F6,_googlecast._tcp.local,Unknown,Unknown,--
172.16.230.78,D2:38:56:EB:61:BA,_googlecast._tcp.local,Unknown,Unknown,--
172.16.230.83,EE:08:66:64:89:7F,_rdlink._tcp.local,Unknown,Unknown,--
172.16.230.94,F2:AA:91:33:DF:6D,_companion-link._tcp.local,Unknown,Unknown,--
172.16.230.95,9E:F9:97:B7:F0:55,_companion-link._tcp.local,Unknown,Unknown,--
172.16.230.129,E4:A8:DF:9E:16:0B,_googlecast._tcp.local,Unknown,Unknown,--
172.16.230.144,CE:DA:A9:9F:15:E2,_companion-link._tcp.local,Unknown,Unknown,--
172.16.230.163,9A:DC:FB:1C:45:BF,_raop._tcp.local,Unknown,Unknown,--
172.16.230.169,4C:D5:77:AD:EE:1B,_dosvc._tcp.local,Unknown,Unknown,--
172.16.230.178,78:0C:B8:71:1E:57,shyam-PC,Unknown,Unknown,--
172.16.230.185,E4:A8:DF:9E:8E:37,RVUPC130._dosvc._tcp.local,Unknown,Unknown,--
172.16.230.199,1E:4E:CB:80:E6:08,7.6.7.5.F.2.B.6.1.B.7.2.B.0.4.0.0.0.0.0.0.0.0.0.0.0.0.0.0.8.E.F.ip6.arpa,Unknown,Unknown,--
172.16.230.221,5A:08:80:49:01:7A,221.230.16.172.in-addr.arpa,Unknown,Unknown,--
172.16.230.228,4C:D7:17:84:20:C8,rvu-OptiPlex-SFF-7026.local,Unknown,Unknown,--
172.16.230.232,AE:99:AC:C8:84:B7,_companion-link._tcp.local,Unknown,Unknown,--
172.16.231.14,50:C2:E8:5D:75:11,_dosvc._tcp.local,Unknown,Unknown,--
172.16.231.37,4C:D7:17:84:1C:E5,_ipp._tcp.local,Unknown,Unknown,--
172.16.231.43,6A:89:56:98:6E:7B,_googlecast._tcp.local,Unknown,Unknown,--
172.16.231.48,32:ED:63:02:CE:52,_spotify-connect._tcp.local,Unknown,Unknown,--
172.16.231.53,E0:70:EA:CE:E9:FC,wpad.local,Unknown,Unknown,--
172.16.231.80,A8:8F:D9:3D:B1:DC,_rfb._tcp.local,Unknown,Unknown,--
172.16.231.101,AA:F5:DE:CB:C7:44,_rdlink._tcp.local,Unknown,Unknown,--
172.16.231.129,80:38:FB:43:8A:B9,_dosvc._tcp.local,Unknown,Unknown,--
172.16.231.156,0A:C4:5C:57:C6:13,_companion-link._tcp.local,Unknown,Unknown,--
172.16.231.190,DE:BA:9D:79:C0:6C,_rdlink._tcp.local,Unknown,Unknown,--
172.16.231.193,1C:BF:C0:6D:E1:B9,hpi0db57a.local,Unknown,Unknown,--
172.16.231.242,4A:2D:14:9C:53:5E,_spotify-connect._tcp.local,Unknown,Unknown,--
172.16.232.7,5E:64:FF:28:95:22,_companion-link._tcp.local,Unknown,Unknown,--
172.16.232.39,6E:F9:45:94:C1:73,_rdlink._tcp.local,Unknown,Unknown,--
172.16.232.61,56:67:4E:AF:05:56,6.5.5.0.F.A.E.F.F.F.E.4.7.6.4.5.0.0.0.0.0.0.0.0.0.0.0.0.0.8.E.F.ip6.arpa,Unknown,Unknown,--
172.16.232.99,72:10:E5:7F:7F:4C,99.232.16.172.in-addr.arpa,Unknown,Unknown,--
172.16.232.121,BE:4E:A0:E1:40:2F,_rdlink._tcp.local,Unknown,Unknown,--
172.16.232.122,EE:FF:FE:B7:44:AE,_googlecast._tcp.local,Unknown,Unknown,--
172.16.232.129,F4:7B:09:92:42:CB,HYD-ECDS02.local,Unknown,Unknown,--
172.16.232.144,F6:05:8A:62:C8:11,_googlecast._tcp.local,Unknown,Unknown,--
172.16.232.160,46:4B:FE:D2:9F:34,_spotify-connect._tcp.local,Unknown,Unknown,--
172.16.232.170,4E:60:ED:A4:04:CF,_companion-link._tcp.local,Unknown,Unknown,--
172.16.232.190,36:C8:D7:F1:4B:21,KONICAMINOLTA-bizhub-287-3C-B6-1E._pdl-datastream._tcp.local,Unknown,Unknown,--
172.16.232.229,FE:D6:FD:E6:B9:3B,_companion-link._tcp.local,Unknown,Unknown,--
172.16.232.232,50:E0:85:0C:E1:D0,_spotify-connect._tcp.local,Unknown,Unknown,--
172.16.232.245,5C:B2:6D:02:3E:7E,LH - 7._googlecast._tcp.local,Unknown,Unknown,--
172.16.232.246,82:34:C7:92:C6:22,_companion-link._tcp.local,Unknown,Unknown,--
172.16.232.248,80:38:FB:46:F9:E2,_dosvc._tcp.local,Unknown,Unknown,--
172.16.232.254,E4:A8:DF:9E:12:E2,_dosvc._tcp.local,Unknown,Unknown,--
172.16.233.10,B0:DC:EF:C1:F1:FB,LH - 7._googlecast._tcp.local,Unknown,Unknown,--
172.16.233.12,D2:0E:0A:8E:B7:98,_rdlink._tcp.local,Unknown,Unknown,--
172.16.233.13,80:38:FB:42:19:31,_dosvc._tcp.local,Unknown,Unknown,--
172.16.233.149,E4:A8:DF:9C:4E:DD,_dosvc._tcp.local,Unknown,Unknown,--
172.16.233.176,82:76:CD:0C:4B:B8,176.233.16.172.in-addr.arpa,Unknown,Unknown,--
172.16.234.9,06:DB:02:D7:97:E6,BSc 1st year B section._googlecast._tcp.local,Unknown,Unknown,--
172.16.234.12,1E:BD:D9:7B:2B:E1,Android-2.local,Unknown,Unknown,--
172.16.234.34,24:B2:B9:6C:DD:11,Shreyas-Habbu,Unknown,Unknown,--
172.16.234.35,6C:24:08:2B:31:3B,LH - 7._googlecast._tcp.local,Unknown,Unknown,--
172.16.234.76,C0:95:6D:35:51:A2,Dineshs-Air,Unknown,Unknown,--
172.16.234.154,6A:EE:A1:DF:06:47,154.234.16.172.in-addr.arpa,Unknown,Unknown,--
172.16.234.188,C2:AB:B3:79:53:2D,_companion-link._tcp.local,Unknown,Unknown,--
172.16.234.197,8A:DB:A6:B6:D8:1B,_googlecast._tcp.local,Unknown,Unknown,--
172.16.234.213,4C:D5:77:AD:DC:43,RVUPC050,Unknown,Unknown,--
172.16.234.241,DC:A9:04:85:9C:17,Snigdh’s MacBook Pro._ssh._tcp.local,Unknown,Unknown,--
172.16.235.42,C2:F7:2C:9D:BC:97,_companion-link._tcp.local,Unknown,Unknown,--
172.16.235.95,4C:D5:77:AD:D7:97,RVUPC072._dosvc._tcp.local,Unknown,Unknown,--
172.16.235.247,2E:64:9E:CB:AD:42,Android.local,Unknown,Unknown,--
172.16.236.4,7E:28:F9:F2:EC:33,Shilpa’s MacBook Air._companion-link._tcp.local,Unknown,Unknown,--
172.16.236.9,8E:99:92:03:3E:EE,_googlecast._tcp.local,Unknown,Unknown,--
172.16.236.12,14:D4:24:A0:38:05,_googlecast._tcp.local,Unknown,Unknown,--
172.16.236.13,80:38:FB:45:39:EA,_googlecast._tcp.local,Unknown,Unknown,--
172.16.237.12,6C:0B:5E:37:AB:74,_pdl-datastream._tcp.local,Unknown,Unknown,--
172.16.243.122,4C:D7:17:84:20:47,HP LaserJet MFP M72630dn (NPIA9C46E)._ipp._tcp.local,Unknown,Unknown,--
172.16.245.115,5C:52:30:A2:48:D4,RVU12 iMac._airplay._tcp.local,Unknown,Unknown,--
172.16.246.60,4C:D7:17:84:21:64,rvu-OptiPlex-SFF-7025.local,Unknown,Unknown,--
172.16.246.73,00:15:5D:00:6E:06,_communicator._tcp.local,Unknown,Unknown,--
172.16.247.254,E0:70:EA:CE:EA:84,_dosvc._tcp.local,Unknown,Unknown,--
172.16.252.23,E8:65:38:C7:1E:B5,DESKTOP-9RSNMUA,Unknown,Unknown,--
172.16.254.40,B4:AD:A3:F4:CA:46,_googlecast._tcp.local,Unknown,Unknown,--
172.16.254.199,14:DD:A9:DF:18:F3,DESKTOP-4EMSQ98.local,Unknown,Unknown,--
172.31.255.244,1A:F8:C5:2F:78:84,_companion-link._tcp.local,Unknown,Unknown,--
Unknown,0A:B8:51:86:AF:A7,_companion-link._tcp.local,Unknown,Unknown,--
Unknown,5A:4B:2F:30:AD:A2,_companion-link._tcp.local,Unknown,Unknown,--
Unknown,9E:74:9B:28:6F:65,_companion-link._tcp.local,Unknown,Unknown,--
Unknown,A8:E2:91:C4:BD:8A,wpad.local,Unknown,Unknown,--
Unknown,D0:76:02:F0:3D:E1,Smart TV._androidtvremote2._tcp.local,Unknown,Unknown,--
Unknown,DC:45:46:F8:67:36,_dosvc._tcp.local,Unknown,Unknown,--
Unknown,F8:34:41:23:81:56,5455ce1d-8c3d-464f-9da1-c791ed5f5cb4.local,Unknown,Unknown,--
